Barcode;ID;Researcher;Specie;Country;Region;City;Latitude and longitude;Date;Origin;Source;Host;ST;Plasmidome;Resistome;;;;;;;;;;;;;;;Virulome;k locus;wzi;wzc;fim type;;Serotype ;Serovar;Heavy metal/ QAC genes;Access no. (GB);Paper published;Antibiogram;;;;;;;;;;;;;;;;;;;;;;;Sequencer ;Sequencing date;Assembler;Date of assembly;Genome (bp);Contigs no.
;;;;;;;;;;;;;;β-lactam;Phenicol;Colistin;Tetracycline;Glycopeptide;Aminoglycoside;Fosfomycin;Trimethoprim;Nitroimidazole;Macrolide;Quinolone;Sulphonamide;Rifampicin;Fusidic acid;Oxazolidinone;;;;;;Clermont Typing;;;;;;MER;ETP;IPM;CRO;CAZ;CFX;CPM;CTX;NAL;CIP;AMC;ATM;AMI;GEN;SXT;ENO;CHL;FOS;CEP;CTF;AMP;TET;COL*;;;;;;
SQ88;R6R1;Elder;Escherichia coli;Brazil;Southeast;São Paulo (SP);-23.561528 -46.714822;February, 2019;Animal;Rectal swab;Rattus rattus;ST155;IncY-like, IncI1-like;blaCTX-M-8;-;-;tet(A);-;aadA5;-;dfrA17;-;mdf(A);-;sul2;-;-;-;fimD, fimC, fimI, fimE, espL4, yagW/ecpD, yagX/ecpC, yagY/ecpB, yagZ/ecpA, lpfA, gad;NA;NA;NA;fimH121;B1;O32:H21;NA;mdtK, emrK, emrD, tehA, yjiO, phnC, phnd, phnE, phnF, phnG, phnH, phnI, phnJ, phnK, phnL, phnM, phnN, phnO, phnP, mdtN, acrf, acrE, tolC, mdtF, mdtE   ;JAAVLD000000000.1;-;R;R;R;S;R;R;S;S;S;R;R;R;R;R;S;S;S;S;S;S;S;S;-;MiSeq;June, 2019;Unicycler v0.4.8;March, 2020;4852007;95
SQ97;Br1;Rosineide;Escherichia coli;Brazil;Southeast;Uberlandia (MG);-18.881786 -48.259878;May, 2014;Human;Urine;Homo sapiens;ST707;IncI;-;-;-;-;-;-;-;-;-;mdf(A);parE-458A, gyrA-83L, gyrA-87N, parC-80I;-;-;-;-;yagW/ecpD, yagX/ecpC, yagY/ecpB, yagZ/ecpA, fimE, fimI, fimD, fimG, faeD, faeF, entB, cma, lpfA;NA;NA;NA;fimH60;A;O84:H23;NA;mdtK, emrK, phnC, phnd, phnE, phnF, phnG, phnH, phnI, phnJ, phnK, phnL, phnM, phnN, phnO, phnP, mdtN, mdtF, mdtE, tolC, acrE, acrf, yjiO, emrD, tehA;JAAUHM000000000.1;-;S;S;S;S;S;S;S;S;R;R;S;S;S;S;S;R;S;S;S;S;S;S;-;NextSeq;July,2019;Unicycler v0.4.8;January, 2020;4987696;192
SQ101;KPC1628;Maria Cristina;Escherichia coli;Brazil;South;Maringá (PR);-23.399730 -51.956213;January, 2018;Human;Rectal swab;Homo sapiens;ST48;IncX2, IncX4, IncA/C2,Col(BS512), IncI1;blaNDM-1, blaOXA-1, blaTEM-1A;catB3, floR;-;tet(A);-;aph(3'')-Ib, aph(6)-Id, aph(3')-VI;-;-;-;ermB, mph(A), mph(G),  mdf(A), mef(C) ;qnrB2, aac(6')-Ib-cr;sul1, sul2;ARR-3;-;-;entB, fimG, yagW/ecpD, yagX/ecpC, yagY/ecpB, yagZ/ecpA, ompA, fimC, fimI, fimE, fimB, astA, gad;NA;NA;NA;fimH54;A;O20:H4;NA;mdtK, yjiO, mvrC, tehA, emrK, emrD, tolC, phnP, phnO, phnN, phnM, phnL, phnK, phnJ, phnI, phnH, phnG, phnF, phnE, phnd, phnC, mdtN, mdtF, mdtE, acrf;JAAVKP000000000.1;-;R;R;R;R;R;R;R;R;S;S;R;S;S;S;S;S;R;S;R;R;R;R;-;NextSeq;July,2019;Unicycler v0.4.8;January, 2020;4996229;248
SQ107;Br3;Rosineide;Escherichia coli;Brazil;Southeast;Uberlândia (MG);-18.881786 -48.259878;June, 2014;Human;Urine;Homo sapiens;ST131;IncFII(PRSB107), IncFIA, IncN;blaTEM-1B;-;-;tet(A);-;-;-;dfrA25;-;mdf(A);qnrB2, parE-529L, gyrA-83L, gyrA-87N, parC-80I, parC-84V;sul1;-;-;-;fepA, fes, entF, fepC, fepB, entC, entE, entB, entA, aslA, ybtS, ybtX, ybtQ, ybtP, ybtA, irp2, irp1, ybtU, ybtT, ybtE, fyuA, fimG, fimD, fimC, fimI, fimE, yagV/ecpE, yagW/ecpD, yagY/ecpB, yagZ/ecpA, ykgK/ecpR, papB, iucA, iucB, iucC, sat, kpsD, senB, chuV, chuU, chuY, chuX, chuW, chuT, chuA, chuS, gad, iha, iss;NA;NA;NA;fimH30;B2;O25:H4;NA;tolC, acrE, acrf, mvrC, emrK, tehA, yjiO, qacE, emrD, mdtK, phnC, phnd, phnE, phnF, phnG, phnH, phnI, phnJ, phnK, phnL, phnM, phnN, phnO, phnP, mdtN, mdtF, mdtE;JAAUHO000000000.1;-;S;S;S;S;S;S;S;S;R;R;S;S;S;S;R;R;S;S;S;S;S;R;-;NextSeq;July,2019;Unicycler v0.4.8;January, 2020;5151551;183
SQ109;Br2;Rosineide;Escherichia coli;Brazil;Southeast;Uberlândia (MG);-18.881786 -48.259878;June, 2014;Human;Urine;Homo sapiens;ST131;IncFIA, IncFII(pRSB107);blaTEM-1B;-;pmrB-161G;tet(A);-;aadA5, aph(6)-Id, aph(3'')-Ib;-;dfrA17;-;mph(A)  ;parE-529L, gyrA-83L, gyrA-87N, parC-80I, parC-84V ;sul1, sul2;-;-;-;fepA, fes, entF, fepC, fepB, entC, entE, entB, entA, aslA, fyuA, ybtE, ybtT, ybtU, irp1, irp2, ybtA, ybtP, ybtQ, ybtX, ybtS, fimG, fimD, fimC, fimI, fimE, yagV/ecpE, yagW/ecpD, yagY/ecpB, yagZ/ecpA, ykgK/ecpR, senB, chuV, chuU, chuY, chuX, chuW, chuT, chuA, chuS, gad, iss;NA;NA;NA;fimH30;B2;O25:H4;NA;mdtN, phnP, phnO, phnN, phnM, phnL, phnK, phnJ, phnI, phnH, phnG, phnF, phnE, phnd, phnC, mvrC, emrK, tehA, yjiO, acrf, acrE, tolC, emrD, mdtK, mdtF, mdtE;JAAUHN000000000.1;-;S;S;S;S;S;S;S;S;R;R;S;S;S;S;R;R;S;S;S;S;S;R;-;NextSeq;July,2019;Unicycler v0.4.8;January, 2020;4974693;121
SQ113 ;VIGI117;Maria Cristina;Escherichia coli;Brazil;South;Maringá (PR);-23.399730 -51.956213;July, 2018;Human;Rectal swab;Homo sapiens;ST167;IncN, RepA, IncFII(Yp);blaNDM-1;-;-;tet(A);-;-;-;dfrA25;-;mdf(A);parE-458A, gyrA-83L, gyrA-87N, parC-80I;sul1;-;-;-;gspM, ompA, entB, yagZ/ecpA, yagY/ecpB, yagX/ecpC, yagW/ecpD, capU, gad, iss;NA;NA;NA;-;A;O9:H9;NA;mdtK, phnC, phnd, phnE, phnF, phnG, phnH, phnI, phnJ, phnK, phnL, phnM, phnN, phnO, phnP, mdtN, tolC, qacE, emrD, mdtF, mdtE, tehA, emrK, yjiO, acrf, acrE;JAAVKO000000000.1;-;R;R;R;R;R;R;R;R;R;R;R;S;S;S;R;R;S;S;R;R;R;R;-;NextSeq;July,2019;Unicycler v0.4.8;January, 2020;5035002;162
SQ119;Br8;Rosineide;Escherichia coli;Brazil;Southeast;Uberlândia (MG);-18.881786 -48.259878;September, 2014;Human;Urine;Homo sapiens;ST410;IncI1, IncFIB-like;-;-;-;-;-;-;-;-;-;mdf(A);parE-458A, gyrA-83L, gyrA-87N, parC-80I;-;-;-;-;fimG, fimD, fimC, fimI, fimE, ybtS, ybtX, ybtQ, ybtP, ybtA, irp2, irp1, ybtU, ybtT, ybtE, fyuA, yagW/ecpD, yagX/ecpC, yagY/ecpB, yagZ/ecpA, gad, lpfA;NA;NA;NA;fimH24;C;O14:H9;NA;yjiO, tolC, acrE, acrf, phnC, phnd, phnE, phnF, phnG, phnH, phnI, phnJ, phnK, phnL, phnM, phnN, phnO, phnP, mdtN, emrD, mdtK, mvrC, mdtF, mdtE, emrK, tehA;JAAUHT000000000.1;-;S;S;S;S;S;S;S;S;R;R;S;S;S;S;S;R;S;S;S;S;S;S;-;NextSeq;July,2019;Unicycler v0.4.8;January, 2020;4764262;140
SQ121;Br4;Rosineide;Escherichia coli;Brazil;Southeast;Uberlândia (MG);-18.881786 -48.259878;July, 2014;Human;Urine;Homo sapiens;ST359;p0111-like, IncI1, IncFIB-like;-;-;-;tet(B);-;aph(3'')-Ib, aph(6)-Id ;-;-;-;mdf(A);gyrA-83L, gyrA-87N, parC-80I;-;-;-;-;fimD, fimC, fimI, fimE, ybtS, ybtX, ybtQ, ybtP, ybtA, irp2, irp1, ybtU, ybtT, ybtE, fyuA, ompA, yagW/ecpD, yagX/ecpC, yagY/ecpB, yagZ/ecpA, iroB, iroC, iroD, iroE, iroN, gad, iss, lpfA, mchF;NA;NA;NA;fimH35;B1;O40:H34;NA;tolC, acrE, acrf, yjiO, tehA, emrK, mdtK, emrD, mdtF, mdtE, mdtN, phnP, phnO, phnN, phnM, phnL, phnK, phnJ, phnI, phnH, phnG, phnF, phnE, phnd, phnC;JAAUHP000000000.1;-;S;S;S;S;S;S;S;R;R;R;S;S;S;S;S;R;S;S;S;S;S;R;-;NextSeq;July,2019;Unicycler v0.4.8;January, 2020;4976178;181
SQ126;14460RM;Marcelo Pillonetto;Escherichia coli;Brazil;South;Londrina (PR);-23.325783 -51.129561;February, 2017;Human;Prosthesis;Homo sapiens;ST8901;IncFIA-like, IncFIB-like,IncI1,IncX4;blaCTX-M-8;cmlA1;mcr-1.1;tet(A);-;aadA2,  aadA1, aph(3')-Ia ;-;dfrA12;-;mdf(A);parE-458A, gyrA-83L, gyrA-87N, parC-80I;sul3;-;-;-;gspM, entB, ompA, fimB, fimE, fimI, fimC, fimD, yagZ/ecpA, yagY/ecpB, yagX/ecpC, yagW/ecpD, iroB, iroC, iroD, iroE, iroN, gad, mchF, tsh;NA;NA;NA;fimH54 ;A;O89:H10;NA;tolC, emrK, emrD, acrf, acrE, tehA, mdtK, phnP, phnO, phnN, phnM, phnL, phnK, phnJ, phnI, phnH, phnG, phnF, phnE, phnd, phnC, mdtF, mdtE, mdtN, yjiO, mvrC;JAAWUG000000000.1;-;S;S;S;S;S;S;S;R;R;R;S;S;S;S;R;R;R;S;S;S;S;R;-;NextSeq;July, 2019;Unicycler v0.4.8;January, 2020;4839007;227
SQ128;UNB07;Danny Fuentes;Escherichia coli;Brazil;Midwest;Brasília (DF);-15.763384 -47.870889;November, 2018;Animal;Cloacal swab;Turdus amaurochalinus;ST602;IncFII, IncX1-like, IncFIB-like;blaTEM-141, blaCTX-M-55;-;-;-;-;-;-;-;-;mdf(A);-;-;-;-;-;ompA, fimD, fimC, fimI, fimE, iroB, iroC, iroD, iroE, iroN, yagZ/ecpA, yagY/ecpB, yagX/ecpC, yagW/ecpD, gad, iss, lpfA, mchF;NA;NA;NA;fimH86 ;A;O4:H21;NA;tolC, emrK, yjiO, acrE, acrf, tehA, mdtK, mvrC, mdtF, mdtE, emrD;JAAVSK000000000 .1;-;S;S;S;S;R;S;S;R;S;S;S;S;S;S;S;S;S;S;R;R;R;S;-;NextSeq;July, 2019;Unicycler v0.4.8;March, 2020;4728479;112
SQ131;Br6;Rosineide;Escherichia coli;Brazil;Southeast;Uberlândia (MG);-18.881786 -48.259878;August, 2014;Human;Urine;Homo sapiens;ST2599;IncY-like;blaTEM-1B;-;-;tet(A);-;aph(3'')-Ib, aph(6)-Id, aadA5, aac(3)-IId ;-;dfrA17;-;mdf(A), mph(A) ;gyrA-83L, gyrA-87N, parC-80I;sul1, sul2;-;-;-;ompA, fimG, fimD, fimC, fimI, fimE, fimB, yagZ/ecpA, yagY/ecpB, yagX/ecpC, yagW/ecpD, cma, iss, lpfA;NA;NA;NA;fimH32;B1;O108:H2;NA;tehA, mdtK, mvrC, phnC, phnd, phnE, phnF, phnG, phnH, phnI, phnJ, phnK, phnL, phnM, phnN, phnO, phnP, mdtN, yjiO, emrK, acrf, acrE, tolC, mdtF, mdtE, emrD;JAAUHR000000000.1;-;S;S;S;S;S;S;S;S;R;R;S;S;S;R;R;R;S;S;S;S;S;R;-;NextSeq;July,2019;Unicycler v0.4.8;January, 2020;4887146;150
SQ133;Br5;Rosineide;Escherichia coli;Brazil;Southeast;Uberlândia (MG);-18.881786 -48.259878;August, 2014;Human;Bone fragment;Homo sapiens;ST117;IncFIB-like;-;-;-;-;-;-;-;-;-;mdf(A);gyrA-83L, gyrA-87N, parC-84K;-;-;-;-;fimB, fimE, fimI, fimC, fimD, fimG, chuV, chuU, chuW, chuT, shuA, ompA, gspG, fepC, entB, fyuA, ybtE, ybtT, ybtU, irp1, irp2, ybtA, ybtP, ybtQ, ybtX, ybtS, yagW/ecpD, yagY/ecpB, yagZ/ecpA, ykgK/ecpR, iroN, iroE, iroD, iroC, iroB, cma, hlyE, ireA, iss, lpfA;NA;NA;NA;fimH97;G;O24:H4;NA;yjiO, mvrC, mdtF, mdtE, emrD, tolC, acrE, acrf, tehA, mdtK, emrK, phnC, phnd, phnE, phnF, phnG, phnH, phnI, phnJ, phnK, phnL, phnM, phnN, phnO, phnP, mdtN;JAAUHQ000000000.1;-;S;S;S;S;S;S;S;S;R;R;S;S;S;S;S;R;S;S;S;S;S;S;-;NextSeq;July,2019;Unicycler v0.4.8;January, 2020;5002979;218
SQ134;139;Albalúcia;Escherichia coli;Brazil;Northeast;João Pessoa (PB);-7.135449 -34.840253;October, 2017;Human;Blood;Homo sapiens;ST457;IncX1-like, IncFIB;blaTEM-105, blaCTX-M-2;-;-;tet(A);-;aadA1, aac(3)-VIa ;-;-;-;mdf(A);qnrB19;sul1, sul2;-;-;-;kpsD, fimB, fimE, chuV, chuU, chuW, chuT, shuA, iroN, iroE, iroD, iroC, iroB, ykgK/ecpR, yagZ/ecpA, yagY/ecpB, yagX/ecpC, yagW/ecpD, fimI, fimC, fimD, fimF, fimG, entC, ybtS, ybtX, ybtQ, ybtP, ybtA, irp2, irp1, ybtU, ybtT, ybtE, fyuA, air, cba, cma, eilA, gad, ireA, iss, lpfA, mchF, tsh;NA;NA;NA;fimH145;F;O11:H6;NA;acrf, acrE, tolC, qacE, mvrC, mdtN, phnP, phnO, phnN, phnM, phnL, phnK, phnJ, phnI, phnH, phnG, phnF, phnE, phnd, phnC, emrK, emrD, mdtK, mdtF, mdtE, yjiO, tehA;JAAUXP000000000.1;-;S;S;S;R;S;S;R;R;S;S;S;R;S;S;R;S;S;S;R;R;R;R;-;NextSeq;July,2019;Unicycler v0.4.8;January, 2020;5273443;211
SQ138;14571RM;Marcelo Pillonetto;Escherichia coli;Brazil;South;Cascavel (PR);-24.950328 -53.449237;February, 2017;Human;Rectal swab;Homo sapiens;ST2064;IncR, IncX4, IncFIA(HI1)-like;blaTEM-1B;floR;mcr-1.1;tet(A);-;aadA2, aac(3)-Ib;-;dfrA8;-;Inu(F), mdf(A);qnrS1;sul2;-;-;-;astA, espX2, espL1, espY2, shuS, shuA, shuX, chuV, fimC, fimI, fimE, fimG, gad;NA;NA;NA;-;E;O52:H45;NA;acrf, acrE, tolC, mdtK, emrK, tehA, emrD, mdtN, phnP, phnO, phnN, phnM, phnL, phnK, phnJ, phnI, phnH, phnG, phnF, phnE, phnd, phnC, mdtE, mdtF, yjiO;JAAWUE000000000.1;-;S;S;S;S;S;S;S;S;R;S;S;S;S;S;S;S;S;S;S;S;S;R;-;NextSeq;July, 2019;Unicycler v0.4.8;January, 2020;4724165;128
SQ141;14005RM;Marcelo Pillonetto;Escherichia coli;Brazil;South;Londrina (PR);-23.326636 -51.160551;January, 2017;Human;Urine;Homo sapiens;ST354;IncFIA, IncI2;-;cmlA1;mcr-1.5;tet(A);-;ant(2'')-Ia, aadA1, aadA2;-;dfrA12;-;mdf(A);gyrA-83L, gyrA-87N, parE-355T, parC-80I, parC-84G;sul1;-;-;-;ibeA, fimF, fimD, fimC, fimI, fimE, fimB, chuV, chuU, chuW, chuT, shuA, kpsD, yagW/ecpD, yagX/ecpC, yagY/ecpB, yagZ/ecpA, ykgK/ecpR, entB, entE, fepB, fes, fepA, air, eilA, gad, lpfA;NA;NA;NA;fimH58;F;O153:H34;NA;yjiO, tehA, acrf, acrE, mdtK, mdtF, mdtE, emrD, qacEdelta1, phnC, phnd, phnE, phnF, phnG, phnH, phnI, phnJ, phnK, phnL, phnM, phnN, phnO, phnP, mdtN, emrK, tolC;JAAWUF000000000.1;-;S;S;S;S;S;S;S;S;R;R;S;S;S;R;R;R;R;S;S;S;S;R;-;NextSeq;July, 2019;Unicycler v0.4.8;January, 2020;5120992;143
SQ143;351;Albalúcia;Escherichia coli;Brazil;Northeast;João Pessoa (PB);-7.135449 -34.840253;February, 2017;Human;Blood;Homo sapiens;ST648;Col8282-like, IncX4, IncFII-like, IncFIA, IncFIB-like, IncQ1;blaCTX-M-15, blaKPC-2;-;-;tet(B);-;aph(3')-Via, aadA5;-;dfrA17;-;mdf(A), mph(A), erm(B);qnrB19, parE-458A, gyrA-83L, gyrA-87N, parC-80I;sul1;-;-;-;fyuA, ybtE, ybtT, ybtU, irp1, irp2, ybtA, ybtP, ybtQ, ybtX, ybtS, fepB, entC, entB, ompA, yagV/ecpE, yagW/ecpD, yagX/ecpC, yagY/ecpB, yagZ/ecpA, ykgK/ecpR, chuV, chuU, chuT, fimD, fimC, fimI, fimE, fimB, air, eilA, gad, iss, lpfA;NA;NA;NA;fimH27;F;O1:H6;NA;mdtK, acrf, acrE, mdtN, phnP, phnO, phnN, phnM, phnL, phnK, phnJ, phnI, phnH, phnG, phnF, phnE, phnd, phnC, mvrC, emrD, yjiO, tolC, tehA, mdtE, mdtF, emrK;JAANTC000000000.2;-;R;R;R;R;R;R;R;R;R;R;R;R;R;S;R;R;S;S;R;R;R;R;-;NextSeq;July,2019;Unicycler v0.4.8;January, 2020;5361325;250
SQ145;Br7;Rosineide;Escherichia coli;Brazil;Southeast;Uberlândia (MG);-18.881786 -48.259878;August, 2014;Human;Tracheal Secretion;Homo sapiens;ST10;IncQ1-like, IncFIB-like, IncFIA;blaTEM-1A;-;-;tet(B);-;aph(3')-Ia, aadA1, aph(3'')-Ib, aph(6)-Id;-;dfrA1;-;mdf(A);gyrA-83L, gyrA-87N, parC-80I, parC-84V;sul2;-;-;-;yagW/ecpD, yagX/ecpC, yagY/ecpB, yagZ/ecpA, entB, fimB, fimE, fimI, fimC, fimD, papK, papJ, papD, papC, papB, sfaX, afaF-VII, afaA-VIII, afaB-VIII, afaC-VIII, afaD-VIII, gad, mcmA;NA;NA;NA;fimH54;A;O89:H9;NA;emrD, mdtN, phnP, phnO, phnN, phnM, phnL, phnK, phnJ, phnI, phnH, phnG, phnF, phnE, phnd, phnC, tehA, tolC, yjiO, emrK, mdtE, mdtF, mdtK, acrf;JAAUHS000000000.1;-;S;S;S;S;S;S;S;S;R;R;S;S;S;S;R;R;S;S;S;S;S;R;-;NextSeq;July,2019;Unicycler v0.4.8;January, 2020;4746504;148
SQ146;736;Albalúcia;Escherichia coli;Brazil;Northeast;João Pessoa (PB);-7.135449 -34.840253;July, 2017;Human;Blood;Homo sapiens;ST131;IncA/C2-like,IncFII, IncI1, IncFIB-like;blaOXA-1,blaTEM-1C, blaCTX-M-8,  blaCTX-M-9;catB3, catA1;-;tet(D);-;aac(6')-Iq, ant(2'')-Ia;-;dfrA8;-;-;qnrA1, aac(6')-Ib-cr;sul1, sul2;-;-;-;kpsD, kpsT, kpsM, fimB, fimE, fepA, fes, entF, fepC, fepB, entC, entE, entB, entA, aslA, ybtS, ybtX, ybtQ, ybtP, ybtA, irp2, irp1, ybtU, ybtT, ybtE, fyuA, ibeA, fimH, fimG, fimF, fimD, fimC, fimI, fimA, iroB, iroC, iroD, iroE, iroN, ykgK/ecpR, yagZ/ecpA, yagY/ecpB, yagW/ecpD, yagV/ecpE, chuS, chuA, chuT, chuW, chuX, chuY, chuU, chuV, gad, ireA, iss, mchF;NA;NA;NA;fimH22;B2;O25:H4;NA;tolC, acrE, acrf, mvrC, emrK, tehA, emrD, mdtK, mdtN, phnP, phnO, phnN, phnM, phnL, phnK, phnJ, phnI, phnH, phnG, phnF, phnE, phnd, phnC, mdtE, mdtF;JAAUXQ000000000.1;-;S;S;S;R;S;S;R;R;S;S;S;S;R;R;R;S;R;S;R;R;R;R;-;NextSeq;July,2019;Unicycler v0.4.8;January, 2020;5261340;102
SQ150;14075RM;Marcelo Pillonetto;Escherichia coli;Brazil;South;Curitiba (PR);-25.421789 -49.290251;January, 2017;Human;Rectal swab;Homo sapiens;ST354;p0111-like, IncFIB-like, IncHI1B, IncX4, IncFIA, IncFIA(HI1), IncFII;blaCTX-M-55, blaTEM-141;cmlA1;mcr-1.1;tet(B);-;aph(3')-Ia, aadA1, aph(3'')-Ib, aph(6)-Id, aadA2, aac(3)-IId;-;dfrA17;-;mdf(A), mef(B), Inu(G);gyrA-83L, gyrA-87N, parC-80I, parC-84G, parE-355T;sul2, sul3;-;-;-;entB, entE, fepB, fes, fepA, ibeA, chuV, chuU, chuW, chuT, shuA, fimF, fimD, fimC, fimI, sfaX, ykgK/ecpR, yagZ/ecpA, yagY/ecpB, yagX/ecpC, yagW/ecpD, fimE, fimB, air, eilA, gad, mchF, mcmA;NA;NA;NA;fimH58;F;H34;NA;mdtK, tolC, acrE, acrf, mdtN, phnP, phnO, phnN, phnM, phnL, phnK, phnJ, phnI, phnH, phnG, phnF, phnE, phnd, phnC, yjiO, emrK, emrD, mdtF, mdtE, tehA;JAAWUH000000000.1;-;S;S;S;R;R;S;R;R;R;R;S;R;R;R;R;R;S;S;R;R;R;R;-;NextSeq;July, 2019;Unicycler v0.4.8;January, 2020;5519075;243
SQ153;16879RM;Marcelo Pillonetto;Escherichia coli;Brazil;South;Londrina (PR);-23.330884 -51.155902;June, 2017;Human;Urine;Homo sapiens;ST354;IncQ1-like, IncX4, IncY, IncFIA, IncFIB-like, IncX3;blaTEM-1B;-;mcr-1.1;tet(B);-;aadA1, aph(3'')-Ib, aph(6)-Id, aac(3)-IId;-;dfrA17;-;-;gyrA-83L, gyrA-87N, parC-80I, parC-84G, parE-355T;sul2;-;-;-;fepA, fes, fepB, entE, entB, ibeA, fimF, fimD, fimC, fimI, fimE, fimB, yagW/ecpD, yagX/ecpC, yagY/ecpB, yagZ/ecpA, ykgK/ecpR, chuV, chuU, chuW, chuT, shuA, air, eilA, gad, lpfA, mchF, mcmA;NA;NA;NA;fimH58;F;O51:H34;NA;tehA, yjiO, mdtK, emrD, acrf, acrE, tolC, emrK, mdtF, mdtE, mdtN, phnP, phnO, phnN, phnM, phnL, phnK, phnJ, phnI, phnH, phnG, phnF, phnE, phnd, phnC;JAAWUI000000000.1;-;S;S;S;S;S;S;S;S;R;R;S;S;S;R;R;R;S;S;S;S;S;R;-;NextSeq;July, 2019;Unicycler v0.4.8;January, 2020;5170434;100
SQ156;FRAN;Louise;Escherichia coli;Brazil;North;Belém (PA);-1.432212 -48.492795;May, 2019;Food;Chicken meat;Gallus gallus domesticus;ST457;IncX1-like, IncFIB-like, IncI1, ColpVC-like;blaCTX-M-2;-;-;-;-;aadA1, aac(3)-VIa, aph(3'')-Ib, aph(6)-Id;-;-;-;-;qnrB19;sul1, sul2;-;-;-;fyuA, ybtE, ybtT, ybtU, irp1, irp2, ybtA, ybtP, ybtQ, ybtX, ybtS, entC, yagW/ecpD, yagX/ecpC, yagY/ecpB, yagZ/ecpA, ykgK/ecpR, shuA, chuT, chuW, chuU, chuV, fimB, fimE, fimI, fimC, fimD, fimF, fimG, astA, air, cba, cma, eilA, gad, iss, lpfA;NA;NA;NA;fimH145;F;O11:H6;NA;mvrC, emrK, emrD, acrE, acrf, tolC, qacE, qacE, mdtE, mdtF, tehA, yjiO, phnC, phnd, phnE, phnF, phnG, phnH, phnI, phnJ, phnK, phnL, phnM, phnN, phnO, phnP, mdtN, mdtK;JAAVLC000000000.1;-;S;S;R;R;S;S;R;R;R;S;S;R;R;R;S;S;S;S;R;R;R;S;-;NextSeq;July, 2019;Unicycler v0.4.8;January, 2020;5416785;236
SQ157;Br9;Rosineide;Escherichia coli;Brazil;Southeast;Uberlândia (MG);-18.881786 -48.259878;September, 2014;Human;Urine;Homo sapiens;ST448;IncQ1-like;blaTEM-1B;catA1;-;tet(A);-;aph(6)-Id, aph(3'')-Ib ;-;dfrA7;-;mdf(A);parE-458A, gyrA-83L, gyrA-87N, parC-80I;sul1, sul2;-;-;-;fimD, fimC, fimI, fimE, yagW/ecpD, yagX/ecpC, yagY/ecpB, yagZ/ecpA, gad, lpfA, iha, ireA, iss, pic, vat;NA;NA;NA;fimH35;B1;O8:H8;NA;emrK, yjiO, emrD, tolC, acrE, acrf, mdtF, mdtE, tehA, mdtN, phnP, phnO, phnN, phnM, phnL, phnK, phnJ, phnI, phnH, phnG, phnF, phnE, phnd, phnC, mdtK;JAAUHU000000000.1;-;S;S;S;S;S;S;S;S;R;R;S;S;S;S;R;R;R;S;S;S;S;R;-;NextSeq;July,2019;Unicycler v0.4.8;January, 2020;4677973;160
SQ158;757;Albalúcia;Escherichia coli;Brazil;Northeast;João Pessoa (PB);-7.135449 -34.840253;April, 2018;Human;Blood;Homo sapiens;ST117;IncFII, IncI1, IncFIA;blaCTX-M-8;-;-;-;-;-;-;-;-;-;gyrA-83L, gyrA-87N, parC-80I;-;-;-;-;pic, vat, yagW/ecpD, yagY/ecpB, yagZ/ecpA, ykgK/ecpR, gspG, shuA, chuT, chuW, chuU, chuV, entB, fepC, ompA, ybtS, ybtX, ybtQ, ybtP, ybtA, irp2, irp1, ybtU, ybtT, ybtE, fyuA, fimB, fimE, fimI, fimC, fimD, fimG, iha, ireA, iss, lpfA;NA;NA;NA;fimH97;G;O167:H4;NA;tolC, emrK, mdtE, mdtF, mvrC, tehA, yjiO, emrD, mdtK, acrf, acrE, phnC, phnd, phnE, phnF, phnG, phnH, phnI, phnJ, phnK, phnL, phnM, phnN, phnO, phnP, mdtN;JAAUXO000000000.1;-;S;S;S;S;S;S;R;R;R;R;S;S;S;S;S;R;S;S;S;S;S;S;-;NextSeq;July,2019;Unicycler v0.4.8;January, 2020;5147294;244
SQ165;Ecol409;Maria Cristina;Escherichia coli;Brazil;South;Maringá (PR);-23.399730 -51.956213;February, 2019;Human;Urine;Homo sapiens;ST167;IncFIA, IncFIB-like, IncFII-like;blaCTX-M-15;catA1, floR;-;tet(A), tet(B);-;aph(6)-Id, aph(3'')-Ib, aadA2;-;dfrA12;-;erm(B), mph(A), mdf(A);qepA4, parE-458A, gyrA-83L, gyrA-87N, parC-80I;sul1, sul2;-;-;-;gspM, entB, fimB, fimE, fimI, fimC, fimD, ompA, papB, papI, yagW/ecpD, yagX/ecpC, yagY/ecpB, yagZ/ecpA, gad;NA;NA;NA;fimH54 ;A;O89:H10;NA;tolC, mdtN, phnP, phnO, phnN, phnM, phnL, phnK, phnJ, phnI, phnH, phnG, phnF, phnE, phnd, phnC, mdtK, acrE, acrf, mdtE, mdtF, yjiO, tehA, mvrC, emrK, qacEdelta1, emrD;JAAVKN000000000.1;-;S;S;S;R;R;S;R;R;R;R;S;R;S;S;R;R;S;S;R;R;R;R;-;NextSeq;July,2019;Unicycler v0.4.8;January, 2020;4730255;156
SQ169;Br10;Rosineide;Escherichia coli;Brazil;Southeast;Uberlândia (MG);-18.881786 -48.259878;October, 2014;Human;Urine;Homo sapiens;ST224;p0111-like, IncX1-like;blaCTX-M-2;-;-;-;-;aac(3)-Via, aadA1;-;-;-;mdf(A);parE-458A, gyrA-83L, gyrA-87N, parC-80I;sul1, sul3;-;-;-;yagW/ecpD, yagX/ecpC, yagY/ecpB, yagZ/ecpA, fimG, fimF, fimD, fimC, fimI, fimE, fimB, gad, lpfA;NA;NA;NA;fimH61 ;B1;O8:H23;NA;emrD, yjiO, phnC, phnd, phnE, phnF, phnG, phnH, phnI, phnJ, phnK, phnL, phnM, phnN, phnO, phnP, mdtN, acrf, acrE, emrK, tehA, tolC, mdtE, mdtF, mdtK, qacE, qacF, qacE;JAAUHV000000000.1;-;S;S;S;R;S;S;R;R;R;R;S;R;S;R;S;R;S;S;R;R;R;S;-;NextSeq;July,2019;Unicycler v0.4.8;January, 2020;4746567;136
SQ170;10;Albalúcia;Escherichia coli;Brazil;Northeast;João Pessoa (PB);-7.135449 -34.840253;November, 2018;Human;Blood;Homo sapiens;ST744;IncFII, IncN, IncX1-like, IncFIB-like;blaTEM-104, blaCTX-M-55, blaCMY-2;catA1, floR;-;tet(A), tet(B);-;aph(3')-Ia, aadA5, aph(3'')-Ib, aph(6)-Id, aac(3)-IId;-;dfrA17;-;mph(A), mdf(A);gyrA-83L, gyrA-87N, parC-80I, parC-56T;sul1, sul2;-;-;-;yagZ/ecpA, yagY/ecpB, yagX/ecpC, yagW/ecpD, entB, fimD, fimC, fimI, fimE, fimB, iroB, iroC, iroD, iroE, iroN, cma, gad, iss;NA;NA;NA;fimH54;A;O89:H10;NA;mdtK, tolC, mdtN, phnP, phnO, phnN, phnM, phnL, phnK, phnJ, phnI, phnH, phnG, phnF, phnE, phnd, phnC, sugE, tehA, emrD, emrK, yjiO, mdtF, mdtE, mvrC, acrE, acrf;JAAUXN000000000.1;-;S;S;S;R;R;S;R;R;R;R;R;R;S;R;R;R;R;S;R;R;R;R;-;NextSeq;July,2019;Unicycler v0.4.8;January, 2020;4918623;273
SQ172;KPC1445;Maria Cristina;Escherichia coli;Brazil;South;Maringá (PR);-23.399730 -51.956213;July, 2017;Human;Urine;Homo sapiens;ST744;IncA/C2;blaNDM-1;cmlA1, catA1;-;tet(A), tet(B), tet(C) ;-;aadA2, aph(3')-Ia, aph(3'')-Ib, aph(6)-Id;-;dfrA15;-;erm(42), mdf(A);gyrA-83L, gyrA-87N, parC-80I, parC-56T;sul1, sul2;-;-;-;yagW/ecpD, yagX/ecpC, yagY/ecpB, yagZ/ecpA, entB, fimD, fimC, fimI, fimE, fimB, gad;NA;NA;NA;fimH54;A;O89:H10;NA;mdtK, tolC, mdtN, phnP, phnO, phnN, phnM, phnL, phnK, phnJ, phnI, phnH, phnG, phnF, phnE, phnd, phnC, tehA, emrD, emrK, yjiO, mdtE, mdtF, acrE, acrf;JAAVKM000000000.1;-;R;R;R;R;R;R;R;R;R;R;R;S;S;S;R;R;R;S;R;R;R;R;-;NextSeq;July,2019;Unicycler v0.4.8;January, 2020;4728650;115
SQ177;Ecol300;Maria Cristina;Escherichia coli;Brazil;South;Maringá (PR);-23.399730 -51.956213;July, 2018;Human;Urine;Homo sapiens;ST131;Col156-like, IncFIA, IncFII(pRSB107);blaTEM-1B, blaCTX-M-15, blaOXA-1;catB3;-;tet(A);-;aadA5, aph(3'')-Ib, aph(6)-Id;-;dfrA17;-;mph(A); aac(6')-Ib-cr, gyrA-83L, gyrA-87N, parC-80I, parC-84V, parE-529L;sul1, sul2;-;-;-;fepA, fes, entF, fepC, fepB, entC, entE, entB, entA, aslA, fyuA, ybtE, ybtT, ybtU, irp1, irp2, ybtA, ybtP, ybtQ, ybtX, ybtS, fimG, fimD, fimC, fimI, fimE, yagV/ecpE, yagW/ecpD, yagY/ecpB, yagZ/ecpA, ykgK/ecpR, sat, iucC, iucB, iucA, kpsD, senB, papC, papD, papJ, papK, papF, papG, chuS, chuA, chuT, chuW, chuX, chuY, chuU, chuV, papB, astA, gad, iha, iss;NA;NA;NA;fimH30 ;B2;O25:H4;NA;emrK, acrf, acrE, tehA, yjiO, mvrC, emrD, tolC, mdtK, phnC, phnd, phnE, phnF, phnG, phnH, phnI, phnJ, phnK, phnL, phnM, phnN, phnO, phnP, mdtN, mdtE, mdtF;JAAVKL000000000.1;-;S;S;S;R;R;S;R;R;R;R;S;R;R;R;R;R;R;S;R;R;R;R;-;NextSeq;July,2019;Unicycler v0.4.8;January, 2020;5079824;170
SQ189;URO10;Maria Cristina;Escherichia coli;Brazil;South;Maringá (PR);-23.399730 -51.956213;June, 2018;Human;Urine;Homo sapiens;ST131;IncFIA, IncFII;blaCTX-M-27;-;-;tet(A);-;aadA5, aph(3'')-Ib, aph(6)-Id;-;dfrA17;-;mph(A);gyrA-83L, gyrA-87N, parC-80I, parC-84V, parE-529L;sul1, sul2;-;-;-;aslA, yagV/ecpE, yagW/ecpD, yagY/ecpB, yagZ/ecpA, ykgK/ecpR, fimE, fimI, fimC, fimD, fimG, kpsD, entA, entB, entE, entC, fepB, fepC, fyuA, ybtE, ybtT, ybtU, irp1, irp2, ybtA, ybtP, ybtQ, ybtX, ybtS, chuS, chuA, chuT, chuW, chuX, chuY, chuU, chuV, sat, iucC, iucB, iucA, papB, entF, fes, fepA, senB, gad, iha, iss;NA;NA;NA;fimH30;B2;O25:H4;NA;emrK, acrE, acrf, mdtN, phnP, phnO, phnN, phnM, phnL, phnK, phnJ, phnI, phnH, phnG, phnF, phnE, phnd, phnC, mdtK, emrD, yjiO, tolC, mvrC, tehA, mdtE, mdtF;JAAVKK000000000.1;-;S;S;S;S;S;S;S;R;R;R;S;S;S;S;R;R;S;S;S;S;S;R;-;NextSeq;July,2019;Unicycler v0.4.8;January, 2020;5158938;185
SQ191;Ecol390;Maria Cristina;Escherichia coli;Brazil;South;Maringá (PR);-23.399730 -51.956213;January, 2019;Human;Urine;Homo sapiens;ST131;IncFIA, IncFIB-like;blaOXA-1, blaCTX-M-15;catB3;-;-;-;aac(3)-IIa ;-;-;-;-; aac(6')-Ib-cr, gyrA-83L, gyrA-87N, parC-80I, parC-84V, parE-529L;-;-;-;-;papB, entA, entB, entE, entC, fepB, fepC, entF, fes, fepA, aslA, fimG, fimD, fimC, fimI, fimE, ybtS, ybtX, ybtQ, ybtP, ybtA, irp2, irp1, ybtU, ybtT, ybtE, fyuA, cnf1, hlyD, hlyB, hlyA, hlyC, ykgK/ecpR, yagZ/ecpA, yagY/ecpB, yagW/ecpD, yagV/ecpE, kpsD, iucA, iucB, iucC, chuS, chuA, chuT, chuW, chuX, chuY, chuU, chuV, papG, papF, papK, papJ, papD, papC, sat, gad, iha, iss;NA;NA;NA;fimH30;B2;O25:H4;NA;mdtK, acrE, acrf, mvrC, phnC, phnd, phnE, phnF, phnG, phnH, phnI, phnJ, phnK, phnL, phnM, phnN, phnO, phnP, mdtN, tehA, yjiO, emrD, emrK, mdtE, mdtF, tolC;JAAVKJ000000000.1;-;S;S;S;R;R;S;R;R;R;R;S;R;S;R;S;R;R;S;R;R;R;S;-;NextSeq;July,2019;Unicycler v0.4.8;January, 2020;5194254;215
SQ203;L-BL-IV-4;Marco Vianelo;Escherichia coli;Brazil;North;São Gabriel da Cachoeira (AM);-0.148069 -67.215634;2013;Human;Feces;Homo sapiens;ST224;IncFIA, IncFIB-like, IncFII-like;blaTEM-1B;catA1;-;tet(B);-;aadA2, aac(3)-IId ;-;dfrA12;-;mph(A), mdf(A);qepA4, parE-458A, gyrA-83L, gyrA-87N, parC-80I;sul1;-;-;-;yagZ/ecpA, yagY/ecpB, yagX/ecpC, yagW/ecpD, fimI, fimC, fimD, fimF, fimG, fimB, fimE, gad, lpfA;NA;NA;NA;fimH61 ;B1;O8:H23;NA;mdtK, acrf, acrE, tolC, yjiO, qacEdelta1, mdtE, mdtF, emrD, emrK, tehA, phnC, phnd, phnE, phnF, phnG, phnH, phnI, phnJ, phnK, phnL, phnM, phnN, phnO, phnP, mdtN;JAAVLA000000000.1;-;S;S;S;S;S;S;S;S;R;R;S;S;R;R;R;R;R;S;S;S;S;R;-;NextSeq;September, 2019;Unicycler v0.4.8;January, 2020;4859002;102
SQ204;H-BL-II-11(3);Marco Vianelo;Escherichia coli;Brazil;North;São Gabriel da Cachoeira (AM);-0.148069 -67.215634;2013;Human;Feces;Homo sapiens;ST393;IncQ1-like, IncFIA, IncFIB;blaTEM-1B;-;-;tet(B);-;aadA5, aph(3'')-Ib, aph(6)-Id;-;dfrA17;-;mph(A), mdf(A);parE-416F, gyrA-83L, gyrA-87N, parC-80I, parC-57T;sul1, sul2;-;-;-;ybtS, ybtX, ybtQ, ybtP, ybtA, irp2, irp1, ybtU, ybtT, ybtE, fyuA, yagW/ecpD, yagZ/ecpA, ykgK/ecpR, entB, gspG, kpsD, afaB-I, afaC-I, draD, draP, chuV, chuU, shuT, shuA, fimG, fimD, fimC, fimI, fimE, fimB, papX, papG, papF, papK, papJ, papD, papC, papH, papB, papI, sat, iutA, iucD, iucC, iucB, iucA, afaA, daaF, air, eilA, gad, iha, iss, lpfA, nfaE;NA;NA;NA;fimH54 ;D;O15:H1;NA;mdtK, emrD, mvrC, emrK, acrf, acrE, tolC, phnC, phnd, phnE, phnF, phnG, phnH, phnI, phnJ, phnK, phnL, phnM, phnN, phnO, phnP, mdtN, mdtF, mdtE, tehA, yjiO;JAAVKZ000000000.1;-;S;S;R;S;S;S;S;S;R;R;S;S;R;S;R;R;S;S;S;S;S;R;-;NextSeq;September, 2019;Unicycler v0.4.8;January, 2020;5132152;231
SQ205;G-BL-II-10;Marco Vianelo;Escherichia coli;Brazil;North;São Gabriel da Cachoeira (AM);-0.148069 -67.215634;2013;Human;Feces;Homo sapiens;ST224;IncFII-like, IncFIA, IncFIB-like;blaTEM-1B;catA1;-;tet(B);-;aac(3)-IId ;-;-;-;mdf(A);parE-458A, gyrA-83L, gyrA-87N, parC-80I;-;-;-;-;yagZ/ecpA, yagY/ecpB, yagX/ecpC, yagW/ecpD, fimG, fimF, fimD, fimC, fimI, fimE, fimB, gad, lpfA;NA;NA;NA;fimH61 ;B1;O8:H23;NA;tolC, acrE, acrf, phnC, phnd, phnE, phnF, phnG, phnH, phnI, phnJ, phnK, phnL, phnM, phnN, phnO, phnP, mdtN, yjiO, mdtF, mdtE, tehA, emrD, emrK, mdtK;JAAVKY000000000.1;-;S;S;S;S;S;S;S;S;R;R;S;S;S;R;S;R;S;S;S;S;S;R;-;NextSeq;September, 2019;Unicycler v0.4.8;January, 2020;4835154;108
SQ206;E-BL-II-05(2);Marco Vianelo;Escherichia coli;Brazil;North;São Gabriel da Cachoeira (AM);-0.148069 -67.215634;2013;Human;Feces;Homo sapiens;ST131;IncFIA, IncFII(pRSB107);blaTEM-1B;-;-;tet(A);-;aadA5, aph(3'')-Ib, aph(6)-Id, aac(3)-IId ;-;dfrA17;-;mphA;gyrA-83L, gyrA-87N, parC-80I, parC-84V, parE-529L;sul1, sul2;-;-;-;fepA, fes, entF, fepC, fepB, entC, entE, entB, entA, ykgK/ecpR, yagZ/ecpA, yagY/ecpB, yagW/ecpD, yagV/ecpE, aslA, fimG, fimD, fimC, fimI, fimE, ybtS, ybtX, ybtQ, ybtP, ybtA, irp2, irp1, ybtU, ybtT, ybtE, fyuA, papB, iucA, iucB, iucC, sat, senB, kpsD, draP, draC, draB, chuS, chuA, chuT, chuW, chuX, chuY, chuU, chuV, daaF, draA, gad, iha, iss, nfaE;NA;NA;NA;fimH30;B2;O25:H4;NA;acrE, acrf, mvrC, tehA, yjiO, emrD, emrK, mdtK, tolC, mdtE, mdtF, mdtN, phnP, phnO, phnN, phnM, phnL, phnK, phnJ, phnI, phnH, phnG, phnF, phnE, phnd, phnC;JAAVKX000000000.1;-;S;S;S;S;S;S;S;S;R;R;S;S;S;S;R;R;S;S;S;S;S;R;-;NextSeq;September, 2019;Unicycler v0.4.8;January, 2020;5086308;168
SQ207;C-BL-II-03(2);Marco Vianelo;Escherichia coli;Brazil;North;São Gabriel da Cachoeira (AM);-0.148069 -67.215634;2013;Human;Feces;Homo sapiens;ST393;IncQ1-like, IncFIA, IncFIB(pB171);blaTEM-1B;-;-;tet(B);-;aadA5, aph(3'')-Ib, aph(6)-Id;-;dfrA17;-;mph(A), mdf(A);gyrA-83L, gyrA-87N, parC-80I, parC-57T, parE-416F;sul1, sul2;-;-;-;ybtQ, ybtX, ybtS, entB, ykgK/ecpR, yagZ/ecpA, yagW/ecpD, kpsD, gspG, afaB-I, afaC-I, draD, draP, chuV, chuU, shuT, shuA, fimG, fimD, fimC, fimI, fimE, fimB, iucA, iucB, iucC, iucD, iutA, sat, papI, papB, papH, papC, papD, papJ, papK, papF, papG, papX, fyuA, ybtE, ybtT, ybtU, irp1, irp2, ybtA, ybtP, daaF, afaA, air, eilA, gad, iha, iss, lpfA, nfaE;NA;NA;NA;fimH54 ;D;O15:H1;NA;mdtK, emrD, emrK, mvrC, tolC, acrE, acrf, mdtF, mdtE, yjiO, tehA, phnC, phnd, phnE, phnF, phnG, phnH, phnI, phnJ, phnK, phnL, phnM, phnN, phnO, phnP, mdtN;JAAVKW000000000.1;-;S;S;S;S;S;S;S;S;R;R;S;S;S;R;R;R;S;S;S;S;S;R;-;NextSeq;September, 2019;Unicycler v0.4.8;January, 2020;5092809;228
SQ208;B-BL-II-01(1);Marco Vianelo;Escherichia coli;Brazil;North;São Gabriel da Cachoeira (AM);-0.148069 -67.215634;2013;Human;Feces;Homo sapiens;ST131;IncFIA, IncFII(pRSB107);blaTEM-1B;-;-;tet(A);-;aac(3)-IId, aadA5,  aph(3'')-Ib, aph(6)-Id;-;dfrA17;-;mph(A);gyrA-83L, gyrA-87N, parC-80I, parC-84V, parE-529L;sul1, sul2;-;-;-;daaF, draA, chuV, chuU, chuY, chuX, chuW, chuT, chuA, chuS, fepA, fes, entF, fepC, fepB, entC, entE, entB, entA, aslA, fimG, fimD, fimC, fimI, fimE, kpsD, ybtS, ybtX, ybtQ, ybtP, ybtA, irp2, irp1, ybtU, ybtT, ybtE, fyuA, sat, iucC, iucB, iucA, papB, ykgK/ecpR, yagZ/ecpA, yagY/ecpB, yagW/ecpD, yagV/ecpE, senB, draB, draC, draP, gad, iha, iss, nfaE;NA;NA;NA;fimH30 ;B2;O25:H4;NA;mvrC, phnC, phnd, phnE, phnF, phnG, phnH, phnI, phnJ, phnK, phnL, phnM, phnN, phnO, phnP, mdtN, tolC, mdtF, mdtE, emrK, yjiO, mdtK, tehA, emrD, acrE, acrf;JAAVKV000000000.1;-;S;S;S;S;S;S;S;S;R;R;S;S;S;R;R;R;S;S;S;S;S;R;-;NextSeq;September, 2019;Unicycler v0.4.8;January, 2020;5041388;186
SQ237;M-ET-20;Marco Vianelo;Escherichia coli;Brazil;North;São Gabriel da Cachoeira (AM);-0.148069 -67.215634;2013;Human;Feces;Homo sapiens;ST648;IncQ1-like, IncFII(pRSB107), IncFIB-like, IncFIA;blaTEM-1B;-;-;tet(B);-;aph(3'')-Ib, aph(6)-Id;-;dfrA14;-;erm(B), mph(A), mdf(A);parE-458A, gyrA-83L, gyrA-87N, parC-80I;sul2;-;-;-;ompA, yagV/ecpE, yagW/ecpD, yagX/ecpC, yagY/ecpB, yagZ/ecpA, ykgK/ecpR, ybtS, ybtX, ybtQ, ybtP, ybtA, irp2, irp1, ybtU, ybtT, ybtE, fyuA, entB, entC, fepB, kpsD, chuV, chuU, chuT, air, eilA, gad, lpfA;NA;NA;NA;-;F;O1:H6;NA;acrE, acrf, tehA, phnC, phnd, phnE, phnF, phnG, phnH, phnI, phnJ, phnK, phnL, phnM, phnN, phnO, phnP, mdtN, emrK, emrD, mdtK, yjiO, mvrC, mdtF, mdtE, tolC;JAAVKU000000000.1;-;S;S;S;S;S;S;S;S;R;R;S;S;S;S;R;R;S;S;S;S;S;R;-;NextSeq;September, 2019;Unicycler v0.4.8;January, 2020;5207593;229
SQ248;L44;Eliana;Escherichia coli;Brazil;South;Londrina (PR);-23.325983 -51.128847;2015;Human;Blood;Homo sapiens;ST457;IncA/C2, IncFII, IncI2, IncI1, IncQ1-like, IncFIB-like;blaKPC-2, blaTEM-1B;floR;-;tet(A);-;aph(3')-Ia, aph(3'')-Ib, aph(6)-Id;fosA3;dfrA5;-;mdf(A);parE-458A, gyrA-83L, gyrA-87Y, parC-80I;sul2;-;-;-;fimG, fimF, fimD, fimC, fimI, fimE, fimB, kpsD, entC, iroN, iroE, iroD, iroC, iroB, chuV, chuU, chuW, chuT, shuA, papB, papC, papD, papJ, papK, papX, yagW/ecpD, yagX/ecpC, yagY/ecpB, yagZ/ecpA, ykgK/ecpR, air, eilA, gad, iss, lpfA, mchF;NA;NA;NA;fimH145;F;O11:H25;NA;emrK, mvrC, mdtN, phnP, phnO, phnN, phnM, phnL, phnK, phnJ, phnI, phnH, phnG, phnF, phnE, phnd, phnC, yjiO, acrf, acrE, tolC, emrD, mdtK, tehA, mdtF, mdtE;JAAVLJ000000000.1;-;S;S;S;S;S;S;S;S;R;R;S;S;R;S;R;R;S;S;S;S;S;R;-;NextSeq;September, 2019;Unicycler v0.4.8;January, 2020;5328431;274
SQ253;IIF7;Raquel;Escherichia coli;Brazil;Southeast;Rio de Janeiro (RJ);-22.842854 -43.233870;December, 2015;Human;Rectal swab;Homo sapiens;ST10;Col(BS512);blaCMY-2;-;-;-;-;-;-;-;-;mdf(A);-;-;-;-;-;ompA, daaF, fimE, fimI, fimC, fimD, fimG, entB, fyuA, ybtE, ybtT, ybtU, irp1, irp2, ybtA, ybtP, ybtQ, ybtX, ybtS, kpsD, yagY/ecpB, yagZ/ecpA, iucA, iucB, iucC, iucD, iutA, sat, draA, afaB-I, afaC-I, draP, papB, gad, iha, iss, nfaE;NA;NA;NA;fimH47;A;O11:H4;NA;tolC, mdtN, phnP, phnO, phnN, phnJ, phnI, phnH, phnG, phnF, phnE, phnd, phnC, mdtK, yjiO, sugE, tehA, emrK, acrE, acrf, mdtF, mdtE, mvrC, emrD;JAAVLI000000000.1;-;S;S;S;S;S;S;S;R;S;S;R;S;S;S;S;S;S;S;S;S;S;S;-;NextSeq;September, 2019;Unicycler v0.4.8;January, 2020;5037045;224
SQ254;F208;Raquel;Escherichia coli;Brazil;Southeast;Rio de Janeiro (RJ);-22.842854 -43.233870;2010;Animal;Chicken carcass;Gallus gallus domesticus;ST115;ColpVC,Col8282;blaCMY-2, blaCTX-M-2, blaTEM-1B;-;-;tet(A);-;aph(3'')-Ib, aph(6)-Id;-;dfrA7;-;mdf(A);gyrA-83L;sul1, sul2;-;-;-;ykgK/ecpR, yagZ/ecpA, yagW/ecpD, shuA, shuT, chuV, astA, ybtS, ybtX, ybtQ, ybtP, ybtA, irp2, irp1, ybtU, ybtT, ybtE, fyuA, fimG, fimD, fimC, fimI, fimE, fimB, kpsD, gad, iss;NA;NA;NA;fimH270 ;D;O51:H11;NA;mdtN, phnP, phnO, phnN, phnM, phnL, phnK, phnJ, phnI, phnH, phnG, phnF, phnE, mdtK, emrD, acrE, acrf, emrK, yjiO, mdtE, mdtF, qacE, tehA, sugE, tolC, phnC, phnd, mvrC ;JAAVLH000000000.1;-;S;S;S;R;S;S;S;R;R;S;S;S;S;S;S;S;S;S;R;R;R;R;-;NextSeq;September, 2019;Unicycler v0.4.8;March, 2020;5432072;512
SQ255;I585 ;Raquel;Escherichia coli;Brazil;Southeast;Niteroi (RJ);-22.910316 -43.193895;February, 2015;Human;Blood;Homo sapiens;ST744;IncQ1-like, IncI1, IncFIB-like;blaTEM-1B, blaCTX-M-1, blaCMY-2;catA1;-;tet(A), tet(B);-;aph(3')-Ia, aph(3'')-Ib, aph(6)-Id, aadA5;-;dfrA17;-;mph(A), mdf(A);gyrA-83L, gyrA-87N, parC-80I, parC-56T;sul1, sul2;-;-;-;entB, yagZ/ecpA, yagY/ecpB, yagX/ecpC, yagW/ecpD, fimD, fimC, fimI, fimE, fimB, iroN, iroE, iroD, iroC, iroB, gad, iss, mchF, tsh;NA;NA;NA;fimH54 ;A;O89:H9;NA;mdtK, mdtN, phnP, phnO, phnN, phnM, phnL, phnK, phnJ, phnI, phnH, phnG, phnF, phnE, phnd, phnC, mdtF, mdtE, tehA, emrD, emrK, yjiO, acrE, acrf, tolC, sugE;JAAVLG000000000.1;-;S;S;S;R;S;S;S;R;R;R;R;S;S;S;R;R;R;S;R;R;R;R;-;NextSeq;September, 2019;Unicycler v0.4.8;January, 2020;4939542;231
SQ256;D114 ;Raquel;Escherichia coli;Brazil;Southeast;Rio de Janeiro (RJ);-22.842854 -43.233870;November, 2015;Human;Urine;Homo sapiens;ST191;IncI1 ;blaCMY-2;-;-;-;-;-;-;-;-;mdf(A);-;-;-;-;-;fimF, fimD, fimC, fimI, fimE, yagW/ecpD, yagX/ecpC, yagY/ecpB, yagZ/ecpA, ompA, gad, lpfA;NA;NA;NA;fimH38;A;O128ab:H20;NA;tolC, acrf, acrE, mvrC, mdtK, sugE, tehA, yjiO, emrK, phnC, phnd, phnE, phnF, phnG, phnH, phnI, phnJ, phnK, phnL, phnM, phnN, phnO, phnP, mdtN, mdtE, mdtF, emrD ;JAAVLF000000000.1;-;S;S;S;S;R;S;S;S;S;S;R;S;S;S;S;S;S;S;S;S;S;S;-;NextSeq;September, 2019;Unicycler v0.4.8;January, 2020;4764384;92
SQ257;B5EC;Louise;Escherichia coli;Brazil;North;Belém (PA);-1.432212 -48.492795;May, 2019;Environmental;Water;NA;ST1722;IncI1 ;blaCTX-M-8;-;-;-;-;-;-;-;-;mdf(A);qnrB19;-;-;-;-;ykgK/ecpR, yagZ/ecpA, yagY/ecpB, yagX/ecpC, yagW/ecpD, yagV/ecpE, kpsD, entB, entC, fepB, chuV, chuU, chuY, chuT, shuA, fimB, fimE, fimI, fimC, fimD, fimG, fimH, air, eilA, gad, lpfA;NA;NA;NA;fimH153;F;O1:H25;NA;mdtK, emrD, tolC, acrE, acrf, emrK, tehA, mdtF, mdtE, mdtN, phnP, phnO, phnN, phnM, phnL, phnK, phnJ, phnI, phnH, phnG, phnF, phnE, phnd, phnC, yjiO;JAAVJP000000000.1;-;S;S;S;R;S;S;R;R;S;S;S;S;S;S;S;S;S;S;R;R;R;S;-;NextSeq;September, 2019;Unicycler v0.4.8;January, 2020;5065824;132
SQ258;BFP(2);Bruna;Escherichia coli;Brazil;North;Palmas (TO);-10.227448 -48.321311;August, 2019;Food;Chicken meat;Gallus gallus domesticus;ST1730;IncN, p0111;blaCTX-M-55, blaTEM-141;-;-;tet(A);-;aadA5;fosA3;dfrA17;-;mdf(A);-;sul2;-;-;-;fimG, fimD, fimC, fimI, fimE, yagW/ecpD, yagX/ecpC, yagY/ecpB, yagZ/ecpA, ompA, gad, iss, lpfA;NA;NA;NA;fimH32;B1;O28:H10;NA;emrK, mvrC, yjiO, mdtF, mdtE, acrf, acrE, tolC, phnC, phnd, phnE, phnF, phnG, phnH, phnI, phnJ, phnK, phnL, phnM, phnN, phnO, phnP, tehA, mdtN, emrD, mdtK;JAAUXR000000000.1;-;S;S;S;R;S;S;S;R;S;S;S;S;S;S;R;S;S;S;R;R;R;R;-;NextSeq;September, 2019;Unicycler v0.4.8;January, 2020;5003930;225
SQ259;BFP(1);Bruna;Escherichia coli;Brazil;North;Palmas (TO);-10.227448 -48.321311;August, 2019;Food;Chicken meat;Gallus gallus domesticus;ST38;IncQ1-like, IncFII-like, IncFIC(FII)-like;blaCTX-M-2;-;-;tet(B);-;aph(6)-Id, aph(3'')-Ib;-;dfrA7;-;mdf(A);gyrA-83L, gyrA-87G, parC-80I;sul1, sul2;-;-;-;fimB, fimE, fimI, fimC, fimD, fimF, fimG, fimH, ykgK/ecpR, yagZ/ecpA, yagY/ecpB, yagX/ecpC, yagW/ecpD, entB, chuV, shuT, shuA, papC, papD, papJ, papK, papF, papG, papB, eilA, gad, iss;NA;NA;NA;fimH3 ;D;H15;NA;mdtN, phnP, phnO, phnN, phnM, phnL, phnK, phnJ, phnI, phnH, phnG, phnF, phnE, phnd, phnC, tolC, emrD, mvrC, emrK, tehA, mdtF, mdtE, qacE, mdtK, acrE, acrf;JAAUXS000000000.1;-;S;S;S;R;S;S;R;R;R;R;S;R;S;S;R;R;S;S;R;R;R;R;-;NextSeq;September, 2019;Unicycler v0.4.8;January, 2020;5155546;265
SQ260;M2C;Herrison;Escherichia coli;Brazil;South;Londrina (PR);-23.19324 -51.10350;May, 2019;Environmental;Water;NA;ST354;IncI1, IncFIB-like;blaCTX-M-14;-;-;-;-;aac(3)-Via, aadA1;-;-;-;mdf(A);gyrA-83L, gyrA-87N, parC-80I, parC-84G, parE-355T;sul1, sul2;-;-;-;ibeA, fimF, fimD, fimC, fimI, fimE, fimB, entB, entE, fepB, fes, fepA, irp1, irp2, ybtA, ybtP, ybtQ, ybtX, ybtS, kpsD, ykgK/ecpR, yagZ/ecpA, yagY/ecpB, yagX/ecpC, yagW/ecpD, fyuA, ybtE, ybtT, ybtU, shuA, chuT, chuW, chuU, chuV, air, eilA, gad, lpfA;NA;NA;NA;fimH58 ;F;O11:H4;NA;yjiO, emrD, mvrC, mdtN, tolC, acrE, acrf, phnC, phnd, phnE, phnF, phnG, phnH, phnI, phnJ, phnK, phnL, phnM, phnN, phnO, phnP, mdtK, tehA, qacE, emrK, mdtE, mdtF;JAAVLB000000000.1;-;S;S;S;R;S;S;R;R;R;R;S;S;S;R;S;R;S;S;R;R;R;S;-;NextSeq;September, 2019;Unicycler v0.4.8;January, 2020;5177688;196
SQ261;B13EC;Louise;Escherichia coli;Brazil;North;Belém (PA);-1.432212 -48.492795;May, 2019;Environmental;Water;NA;ST4434;IncI1;blaCTX-M-8;-;-;-;-;-;-;-;-;mdf(A);-;-;-;-;-;yagW/ecpD, yagX/ecpC, yagY/ecpB, yagZ/ecpA, fimD, fimI, fimE, gad, iss, lpfA;NA;NA;NA;fimH31 ;B1;O29:H7;NA;yjiO, acrE, acrf, emrK, tehA, mdtE, mdtF, emrD, mdtK, tolC, phnC, phnd, phnE, phnF, phnG, phnH, phnI, phnJ, phnK, phnL, phnM, phnN, phnO, phnP, mdtN;JAAVJO000000000.1;-;S;S;S;S;S;S;S;R;S;S;S;S;S;S;R;S;S;S;S;S;S;S;-;NextSeq;September, 2019;Unicycler v0.4.8;January, 2020;4928702;167
SQ262;B1EC;Louise;Escherichia coli;Brazil;North;Belém (PA);-1.432212 -48.492795;May, 2019;Environmental;Water;NA;Unknown;IncI1;blaCTX-M-8;-;-;-;-;-;-;-;-;mdf(A);-;-;-;-;-;ompA, fimE, fimI, fimC, fimD, fimG, gspM, entB, gad;NA;NA;NA;fimH23 ;A;O120:H32;NA;mdtK, tehA, yjiO, mdtN, phnP, phnO, phnN, phnM, phnL, phnK, phnJ, phnI, phnH, phnG, phnF, phnE, phnd, phnC, mdtE, mdtF, emrK, emrD, tolC, acrE, acrf;JAAVJN000000000.1;-;S;S;S;S;R;S;S;R;S;S;S;R;S;S;S;S;S;S;S;S;S;S;-;NextSeq;September, 2019;Unicycler v0.4.8;January, 2020;4657997;120
SQ264;P2C1;Elder;Escherichia coli;Brazil;Southeast;São Paulo (SP);-23.561528 -46.714822;August, 2019;Animal;Cloacal swab;Columba livia;ST457;IncFIB-like, IncFII-like;blaTEM-1B, blaCTX-M-2, blaCMY-2;-;-;-;-;aadA1, aph(6)-Id, aph(3'')-Ib, aac(3)-VIa ;-;dfrA1;-;mdf(A), mph(B);gyrA-83L;sul1, sul2;-;-;-;ykgK/ecpR, yagZ/ecpA, yagY/ecpB, yagX/ecpC, yagW/ecpD, entC, iroN, iroE, iroD, iroC, iroB, fimB, fimE, fimI, fimC, fimD, fimF, fimG, chuV, chuU, chuW, chuT, shuA, ybtS, ybtX, ybtQ, ybtP, ybtA, irp2, irp1, ybtU, ybtT, ybtE, fyuA, cma, eilA, gad, ireA, iss, lpfA;NA;NA;NA;fimH145;F;O11:H6;NA;tolC, acrE, acrf, mvrC, mdtK, emrK, emrD, yjiO, tehA, sugE, mdtF, mdtE, phnC, phnd, phnE, phnF, phnG, phnH, phnI, phnJ, phnK, phnL, phnM, phnN, phnO, phnP, mdtN, qacE ;JAAVLE000000000.1;-;R;R;R;S;S;S;S;S;S;R;S;S;R;S;S;S;S;S;S;S;S;R;-;NextSeq;September, 2019;Unicycler v0.4.8;March, 2020;5104456;283
SQ273;47,038;Ana Judith;Escherichia coli;Brazil;North;Belém (PA);-1.2600 -48.2850;July, 2018;Human;Urine;Homo sapiens;ST410;IncY, IncFIB-like, IncFIA, Col(BS512);blaOXA-1, blaCTX-M-15;-;-;tet(A);-;aac(3)-IIa ;-;dfrA14;-;mph(A);aac(6')-Ib-cr, parE-458A, gyrA-83L, gyrA-87N, parC-80I;-;-;-;-;yagZ/ecpA, yagY/ecpB, yagX/ecpC, yagW/ecpD, fimG, fimD, fimC, fimI, fimE, gad, lpfA;NA;NA;NA;fimH24;C;O8:H21;NA;tolC, acrf, acrE, phnC, phnd, phnE, phnF, phnG, phnH, phnI, phnJ, phnK, phnL, phnM, phnN, phnO, phnP, mdtN, mdtK, yjiO, mdtE, mdtF, emrD, tehA, mvrC, emrK;JAAUYP000000000.1;-;S;S;S;R;R;R;R;R;R;R;R;R;R;R;R;R;S;S;R;R;R;R;-;NextSeq;September, 2019;Unicycler v0.4.8;January, 2020;4851260;190
SQ275;46,722;Ana Judith;Escherichia coli;Brazil;North;Belém (PA);-1.2600 -48.2850;July, 2018;Human;Urine;Homo sapiens;ST410;IncY, IncFIB-like, IncFIA, Col(BS512)-like;blaOXA-1, blaCTX-M-15;;-;tet(A);-;aac(3)-IIa ;-;dfrA14;-;mph(A), mdf(A);aac(6')-Ib-cr, parE-458A, gyrA-83L, gyrA-87N, parC-80I;-;-;-;-;yagZ/ecpA, yagY/ecpB, yagX/ecpC, yagW/ecpD, fimG, fimD, fimC, fimI, fimE, gad, lpfA;NA;NA;NA;fimH24;C;O8:H21;NA;emrK, acrf, acrE, phnC, phnd, phnE, phnF, phnG, phnH, phnI, phnJ, phnK, phnL, phnM, phnN, phnO, phnP, mdtN, tolC, yjiO, mdtK, mdtE, mdtF, tehA, emrD, mvrC;JAAUYO000000000.1;-;S;S;S;R;R;R;R;R;R;R;R;R;R;R;R;R;S;S;R;R;R;R;-;NextSeq;September, 2019;Unicycler v0.4.8;January, 2020;4844938;194
SQ276;46,721;Ana Judith;Escherichia coli;Brazil;North;Belém (PA);-1.2600 -48.2850;June, 2019;Human;Urine;Homo sapiens;ST410;IncY, IncFIB-like, IncFIA, Col(BS512);blaTEM-1B, blaCTX-M-15, blaOXA-1;-;-;tet(A);-;aph(6)-Id, aph(3'')-Ib, aac(3)-IIa ;-;dfrA14;-;mph(A), mdf(A);aac(6')-Ib-cr, parE-458A, gyrA-83L, gyrA-87N, parC-80I;sul2;-;-;-;yagZ/ecpA, yagY/ecpB, yagX/ecpC, yagW/ecpD, fimG, fimD, fimC, fimI, fimE, gad, lpfA;NA;NA;NA;fimH24;C;O8:H21;NA;tolC, emrK, acrf, acrE, phnC, phnd, phnE, phnF, phnG, phnH, phnI, phnJ, phnK, phnL, phnM, phnN, phnO, phnP, mdtN, mdtK, yjiO, mdtF, mdtE, emrD, tehA, mvrC;JAAUYN000000000.1;-;S;S;S;R;R;S;R;R;R;R;R;R;S;R;R;R;S;S;R;R;R;R;-;NextSeq;September, 2019;Unicycler v0.4.8;January, 2020;4858980;193
SQ284;Ec18;Marcia Morais;Escherichia coli;Brazil;Northeast;Recife (PE);-8.05428 -34.8813 ;July, 2017;Human;Blood;Homo sapiens;ST131;IncQ1-like, Col156-like, IncFIA, IncFIB-like;blaOXA-1, blaCTX-M-15;catA1;-;tet(B);-;aph(6)-Id, aph(3'')-Ib, aac(3)-IIa ;-;-;-;mph(A);aac(6')-Ib-cr, gyrA-83L, gyrA-87N, parC-80I, parC-84V, parE-529L;sul2;-;-;-;papB, papX, entA, entB, entE, entC, fepB, fepC, entF, fes, fepA, chuS, chuA, chuT, chuW, chuX, chuY, chuU, chuV, yagV/ecpE, yagW/ecpD, yagY/ecpB, yagZ/ecpA, ykgK/ecpR, aslA, fyuA, ybtE, ybtT, ybtU, irp1, irp2, ybtA, ybtP, ybtQ, ybtX, ybtS, fimE, fimI, fimC, fimD, fimG, hlyC, hlyA, hlyB, hlyD, cnf1, kpsD, iucA, iucB, iucC, senB, papG, papF, papK, papJ, papD, papC, sat, gad, iha, iss;NA;NA;NA;fimH30;B2;O25:H4;NA;tolC, acrE, acrf, mdtE, mdtF, mvrC, tehA, yjiO, emrK, mdtK, emrD, mdtN, phnP, phnO, phnN, phnM, phnL, phnK, phnJ, phnI, phnH, phnG, phnF, phnE, phnd, phnC;JAAVIV000000000.1;-;S;S;S;R;R;S;R;R;R;R;S;R;R;R;S;R;R;S;R;R;R;R;-;NextSeq;September, 2019;Unicycler v0.4.8;January, 2020;5249470;285
SQ285;Ec17;Marcia Morais;Escherichia coli;Brazil;Northeast;Recife (PE);-8.05428 -34.8813 ;July, 2017;Human;Urine;Homo sapiens;ST131;IncQ1-like, Col156-like, IncFIA, IncFIB-like;blaOXA-1, blaCTX-M-15;catA1;-;tet(B);-;aph(6)-Id, aph(3'')-Ib, aac(3)-IIa ;-;-;-;mph(A);aac(6')-Ib-cr, gyrA-83L, gyrA-87N, parC-80I, parC-84V, parE-529L;sul2;-;-;-;papB, papX, fepA, fes, entF, fepC, fepB, entC, entE, entB, entA, chuS, chuA, chuT, chuW, chuX, chuY, chuU, chuV, ykgK/ecpR, yagZ/ecpA, yagY/ecpB, yagW/ecpD, yagV/ecpE, aslA, ybtS, ybtX, ybtQ, ybtP, ybtA, irp2, irp1, ybtU, ybtT, ybtE, fyuA, fimG, fimD, fimC, fimI, fimE, hlyC, hlyA, hlyB, hlyD, cnf1, kpsD, iucA, iucB, iucC, papG, papF, papK, papJ, papD, papC, sat, senB, gad, iha, iss;NA;NA;NA;fimH30;B2;O25:H4;NA;tolC, acrE, acrf, mdtE, mdtF, mdtN, phnP, phnO, phnN, phnM, phnL, phnK, phnJ, phnI, phnH, phnG, phnF, phnE, phnd, phnC, mvrC, tehA, yjiO, emrK, mdtK, emrD;JAAVIU000000000.1;-;S;S;S;R;S;S;R;R;R;R;S;R;S;R;S;R;R;S;R;R;R;R;-;NextSeq;September, 2019;Unicycler v0.4.8;January, 2020;5247739;281
SQ286;Ec13;Marcia Morais;Escherichia coli;Brazil;Northeast;Recife (PE);-8.05428 -34.8813 ;July, 2017;Human;Urine;Homo sapiens;ST117;ColpVC-like, IncFIB-like, IncFII, p0111-like;blaTEM-1A, blaCTX-M-2;-;-;tet(B);-;aph(6)-Id, aph(3'')-Ib, aac(3)-VIa, aph(3')-Ia ;-;-;-;Inu(A);gyrA-83L;sul1, sul2;-;-;-;ompA, fepC, entB, fimG, fimD, fimC, fimI, fimE, fimB, gspG, vat, yagW/ecpD, yagY/ecpB, yagZ/ecpA, ykgK/ecpR, ybtS, ybtX, ybtQ, ybtP, ybtA, irp2, irp1, ybtU, ybtT, ybtE, fyuA, shuA, chuT, chuW, chuU, chuV, iha, ireA, iss, lpfA, pic;NA;NA;NA;fimH97;G;O8:H4;NA;qacE, phnC, phnd, phnE, phnF, phnG, phnH, phnI, phnJ, phnK, phnL, phnM, phnN, phnO, phnP, mdtN, yjiO, tehA, emrK, acrf, acrE, tolC, mdtK, emrD, mvrC, mdtE, mdtF;JAAVIT000000000.1;-;S;S;S;R;S;S;R;R;R;S;S;R;S;S;S;S;S;S;R;R;R;R;-;NextSeq;September, 2019;Unicycler v0.4.8;January, 2020;5125647;290
SQ287;Ec03;Marcia Morais;Escherichia coli;Brazil;Northeast;Recife (PE);-8.05428 -34.8813 ;June, 2017;Human;Urine;Homo sapiens;ST410;IncX4, IncI1, IncFIB-like, IncX1-like;blaCTX-M-8;-;mcr-1.1;-;-;aph(3')-Ia;-;-;-;mdf(A);parE-458A, gyrA-83L, gyrA-87N, parC-80I;-;-;-;-;yagZ/ecpA, yagY/ecpB, yagX/ecpC, yagW/ecpD, fimI, fimC, fimD, fimG, iroN, iroE, iroD, iroC, iroB, fimE, cma, gad, iss, lpfA;NA;NA;NA;fimH24;C;O76:H31;NA;mdtK, acrE, acrf, phnC, phnd, phnE, phnF, phnG, phnH, phnI, phnJ, phnK, phnL, phnM, phnN, phnO, phnP, mdtN, emrD, tehA, yjiO, mdtE, mdtF, tolC, emrK;JAAVIS000000000.1;-;S;S;S;S;S;S;S;R;R;R;S;S;S;S;S;R;S;S;S;S;S;S;-;NextSeq;September, 2019;Unicycler v0.4.8;January, 2020;4885513;240
SQ317;92F; Aluísio;Escherichia coli;Brazil;Southeast;Rio das Ostras (RJ);-22.502489 -41.938189;2010;Animal;Feces;Canis lupus familiaris;ST58;IncQ1-like, IncL/M(Pmu407), IncY-like;blaOXA-9 ;-;-;tet(A);-;aac(6')-Ib, aadA1, aph(6)-Id, aph(3'')-Ib;-;-;-;mdf(A);gyrA-83L, gyrA-87N, parC-80I;sul1, sul2;-;-;-;yagZ/ecpA, yagY/ecpB, yagX/ecpC, yagW/ecpD, fimE, fimI, fimC, fimD, lpfA;NA;NA;NA;fimH53;B1;O102:H30;NA;mdtK, mdtN, phnP, phnO, phnN, phnM, phnL, phnK, phnJ, phnI, phnH, phnG, phnF, phnE, phnd, phnC, acrf, acrE, emrD, emrK, tehA, yjiO, mdtE, mdtF, qacE;PRJNA622262;-;S;S;S;S;R;S;S;R;R;R;S;R;R;S;R;R;S;S;S;S;S;R;-;NextSeq;February, 2020;Unicycler v0.4.8;March, 2020;4735952;107
SQ320;BRAB2;Angela Patrícia ;Escherichia coli;Brazil;Midwest;Brasília (DF);-15.806468 -47.882283;November, 2016;Environmental;Drain;NA;ST752;Col(BS512)-like;-;-;-;tet(B);-;aac(3)-VIa, aadA1, aph(6)-Id, aph(3'')-Ib;-;-;-;mdf(A);gyrA-83L;sul2;-;-;-;nleB2, cif, nleG7,ompA, papB, papI, entB, gspM, yagW/ecpD, yagX/ecpC, yagY/ecpB, yagZ/ecpA, fimE, fimI, fimC, fimD, fimG, aea, espA, espB, gad, ireA, mchF, tir;NA;NA;NA;fimH24;A;O177:H28;NA;mdtK, acrf, acrE, tolC, mvrC, mdtN, phnP, phnO, phnN, phnM, phnL, phnK, phnJ, phnI, phnH, phnG, phnF, phnE, phnd, phnC, emrK, emrD, mdtE, mdtF, yjiO, tehA, mvrC ;JAAVKQ000000000.1;-;S;S;S;S;S;S;S;S;R;S;S;S;S;S;S;S;S;S;S;S;S;R;-;NextSeq;February, 2020;Unicycler v0.4.8;March, 2020;5106091;207
SQ325;HGRS346; Joice Bahia;Escherichia coli;Brazil;Northeast;Salvador (BA);-12.995894 -38.502350;February, 2019;Human;Blood;Homo sapiens;ST131;IncFII(29);blaOXA-1;catB3;-;-;-;aac(3)-IIa ;-;-;-;-;aac(6')-Ib-cr, gyrA-83L, gyrA-87N, parC-80I, parC-84V, parE-529L;-;-;-;-;ykgK/ecpR, yagZ/ecpA, yagY/ecpB, yagW/ecpD, yagV/ecpE, chuS, chuA, chuT, chuW, chuX, chuY, chuU, chuV, kpsD, entA, entB, entE, entC, fepB, fepC, entF, fes, fepA, aslA, fyuA, ybtE, ybtT, ybtU, irp1, irp2, ybtA, ybtP, ybtQ, ybtX, ybtS, cnf1, hlyD, hlyB, hlyA, hlyC, iucA, iucB, iucC, sat, fimG, fimD, fimC, fimI, fimE, papB, papC, papD, papJ, papK, papF, papG, gad, iha, iss;NA;NA;NA;fimH30 ;B2;O25:H4;NA;mdtE, mdtF, acrf, acrE, tehA, mdtN, phnP, phnO, phnN, phnM, phnL, phnK, phnJ, phnI, phnH, phnG, phnF, phnE, phnd, phnC, emrK, mvrC, emrD, yjiO, mdtK, tolC;JAAVIX000000000.1;-;S;S;S;R;S;S;R;R;R;R;S;S;R;R;S;R;S;S;R;R;R;S;-;NextSeq;February, 2020;Unicycler v0.4.8;March, 2020;5172224;142
SQ326;HSR228; Joice Bahia;Escherichia coli;Brazil;Northeast;Salvador (BA);-12.995894 -38.502350;November, 2016;Human;Blood;Homo sapiens;ST131;IncFIA, IncFIB-like, Col156-like;blaCTX-M-15, blaOXA-1;catB3;-;tet(A);-;aadA5;-;dfrA17;-;mph(A);aac(6')-Ib-cr, gyrA-83L, gyrA-87N, parC-80I, parC-84V, parE-529L;sul1;-;-;-;aslA, entA, entB, entE, entC, fepB, fepC, entF, fes, fepA, ybtS, ybtX, ybtQ, ybtP, ybtA, irp2, irp1, ybtU, ybtT, ybtE, fyuA, fimE, fimI, fimC, fimD, fimG, papG, papF, papK, papJ, papD, papC, papB, hlyC, hlyA, hlyB, hlyD, cnf1, kpsD, chuV, chuU, chuY, chuX, chuW, chuT, chuA, chuS, yagV/ecpE, yagW/ecpD, yagY/ecpB, yagZ/ecpA, ykgK/ecpR, iha, iss;NA;NA;NA;fimH30;B2;O25:H4;NA;tehA, phnC, phnd, phnE, phnF, phnG, phnH, phnI, phnJ, phnK, phnL, phnM, phnN, phnO, phnP, mdtN, acrf, acrE, mvrC, yjiO, emrK, mdtK, emrD, mdtF, mdtE, tolC;JAAVIW000000000.1;-;S;R;R;R;S;S;S;R;R;R;S;R;R;S;R;R;S;S;R;R;R;R;-;NextSeq;February, 2020;Unicycler v0.4.8;March, 2020;5207126;133
SQ328;EC141;Ana Carolina - UNIFESP;Escherichia coli;Brazil;Southeast;São Paulo (SP);-23.596861 -46.644314;2008;Human;Blood;Homo sapiens;ST59;Col(MP18), IncFII(29), Col156-like;-;-;-;-;-;-;-;-;-;mdf(A);parE-355T ;-;-;-;-;chuV, chuU, chuY, chuW, chuT, chuA, daaF, fepB, entE, entB, yagW/ecpD, yagX/ecpC, yagY/ecpB, yagZ/ecpA, ykgK/ecpR, fimE, fimI, fimC, fimD, fyuA, ybtE, ybtT, ybtU, irp1, irp2, ybtA, ybtP, ybtQ, ybtX, ybtS, afaA, afaB-I, afaC-I, afaD, draP, afaE-I, kpsD, papB, papC, papD, papJ, papK, sat, senB;NA;NA;NA;fimH34;F;O1:H7;NA;mdtF, mdtE, mdtK, emrD, mdtN, tolC, tehA, mvrC, phnC, phnd, phnE, phnF, phnG, phnH, phnI, phnJ, phnK, phnL, phnM, phnN, phnO, phnP, acrf, acrE, yjiO, emrK;JAAVSJ000000000.1; ;S;S;S;S;S;S;S;S;R;S;S;S;S;S;S;S;S;S;S;S;S;S;-;NextSeq;February, 2020;Unicycler v0.4.8;March, 2020;5056960;188
SQ329;EC044;Ana Carolina - UNIFESP;Escherichia coli;Brazil;Southeast;São Paulo (SP);-23.596861 -46.644314;2005;Human;Blood;Homo sapiens;ST69;IncN, Col156-like, IncA/C2, IncQ1-like, IncFII(29);blaCTX-M-2, blaOXA-2, blaTEM-1B;-;-;tet(B), tet(A);-;aph(6)-Id, aph(3'')-Ib, aadA5, aac(3)-IIa ;-;dfrA17;-;-;qnrB2;sul1, sul2;-;-;-;chuV, chuU, shuT, shuA, yagW/ecpD, yagY/ecpB, yagZ/ecpA, ykgK/ecpR, papI, papB, papH, papC, papD, papJ, senB, papF, papG, papX, entB, gspG, kpsD, fimD, fimC, fimI, fimE, fimB, ompA, fyuA, ybtE, ybtT, ybtU, irp1, irp2, ybtA, ybtP, ybtQ, ybtX, ybtS, sat, iutA, iucD, iucC, iucB, iucA, eilA, gad, iha, iss, lpfA, sat, senB, capU, nfaE;NA;NA;NA;fimH27;D;O153:H2;NA;mdtK, mdtF, mdtE, emrD, acrf, acrE, yjiO, tolC, tehA, phnC, phnd, phnE, phnF, phnG, phnH, phnI, phnJ, phnK, phnL, phnM, phnN, phnO, phnP, mdtN, mvrC, qacE;JAAVSI000000000.1;-;S;S;S;R;S;S;S;R;S;S;S;S;R;R;R;S;S;S;R;R;R;R;-;NextSeq;February, 2020;Unicycler v0.4.8;March, 2020;5281834;196
SQ354;92H 6H; Aluísio;Escherichia coli;Brazil;Southeast;Rio das Ostras (RJ);-22.502489 -41.938189;2010;Human;Feces;Homo sapiens;Unknown;IncQ1, IncL/M, IncY-like;blaTEM-1A, blaOXA-9;-;-;tet(A);-;aph(6)-Id, aph(3'')-Ib, aadA1, aac(6')-Ib;-;dfrA22;-;mdf(A);gyrA-83L, gyrA-87N, parC-80I;sul1, sul2;-;-;-;yagW/ecpD, yagX/ecpC, yagY/ecpB, yagZ/ecpA, fimE, fimI, fimC, fimD, lpfA;NA;NA;NA;fimH53;B1;O102:H30;NA;emrK, mdtK, tolC, mdtN, phnP, phnO, phnN, phnM, phnL, phnK, phnJ, phnI, phnH, phnG, phnF, phnE, phnd, phnC, acrf, acrE, emrD, yjiO, mdtE, mdtF, tehA, qacE;PRJNA622262;-;S;S;S;S;R;S;S;R;R;R;S;R;S;S;R;R;S;S;S;S;S;S;-;NextSeq;February, 2020;Unicycler v0.4.8;March, 2020;4726204;85
SQ355;48F; Aluísio;Escherichia coli;Brazil;Southeast;Rio das Ostras (RJ);-22.502489 -41.938189;2010;Animal;Feces;Canis lupus familiaris;ST517;IncHI2A, IncHI2;blaOXA-1, blaCTX-M-15, blaTEM-1B;catB3;-;-;-;aph(6)-Id, aph(3'')-Ib, aac(3)-IIa, aadA1;-;-;-;mdf(A);aac(6')-Ib-cr, qnrB1;sul2;-;-;-;yagZ/ecpA, yagY/ecpB, yagX/ecpC, yagW/ecpD, fimG, fimD, fimC, fimI, fimE, fimB, escG, escF, cesD2, espB, escD, escP, escO, escN, escV, cesL, escJ, sepD, escC, cesD, etgA, escU, escT, escS, escR, escL, cesAB, escE, espG, nleD, nleH1, nleC, nleB2, aea, espA, gad, lpfA, tir;NA;NA;NA;fimH32;B1;H19;NA;tehA, phnC, phnd, phnE, phnF, phnG, phnH, phnI, phnJ, phnK, phnL, phnM, phnN, phnO, phnP, mdtN, acrE, acrf, mdtK, yjiO, emrK, mdtF, mdtE, emrD, tolC;PRJNA622262;-;S;S;S;R;R;S;S;R;S;S;S;R;S;S;R;S;R;S;R;R;R;R;-;NextSeq;February, 2020;Unicycler v0.4.8;March, 2020;5018790;124
SQ356;48HA; Aluísio;Escherichia coli;Brazil;Southeast;Rio das Ostras (RJ);-22.502489 -41.938189;2010;Human;Feces;Homo sapiens;ST517;IncHI2A, IncHI2;blaOXA-1, blaCTX-M-15, blaTEM-1B;catB3;-;-;-;aph(6)-Id, aph(3'')-Ib, aac(3)-IIa, aadA1;-;-;-;mdf(A);aac(6')-Ib-cr;sul2;-;-;-;fimG, fimD, fimC, fimI, fimE, fimB, yagZ/ecpA, yagY/ecpB, yagX/ecpC, yagW/ecpD, espG, escE, cesAB, escL, escR, escS, escT, escU, etgA, cesD, escC, sepD, escJ, cesL, escV, escN, escO, escP, escD, espB, cesD2, escF, escG, nleB2, nleC, nleH1, nleD, aea, espA, lpfA, tir;NA;NA;NA;fimH32;B1;H19;NA;yjiO, phnC, phnd, phnE, phnF, phnG, phnH, phnI, phnJ, phnK, phnL, phnM, phnN, phnO, phnP, mdtN, emrK, emrD, tolC, acrE, acrf, mdtK, mdtF, mdtE, tehA;PRJNA622262;-;S;S;S;R;R;S;R;R;S;S;S;R;R;R;R;S; ;S;R;R;R;S;-;NextSeq;February, 2020;Unicycler v0.4.8;March, 2020;5053977;123
SQ357;F738;Thaís Sincero;Escherichia coli;Brazil;South;Florianópolis (SC);-27.597336 -48.519078;July, 2019;Human;Pelvic secretion;Homo sapiens;ST2509;IncFIB;blaKPC-2;-;-;-;-;-;-;-;-;mdf(A);parE-458A, gyrA-83L, gyrA-87N, parC-80I;-;-;-;-;fimE, fimI, fimD, fimG, yagZ/ecpA, yagY/ecpB, yagX/ecpC, yagW/ecpD, entB, gad, lpfA;NA;NA;NA;fimH60;B1;O81:H23;NA;mdtK, yjiO, acrE, acrf, emrK, emrD, mdtN, phnP, phnO, phnN, phnM, phnL, phnK, phnJ, phnI, phnH, phnG, phnF, phnE, phnd, phnC, tehA, mdtE, mdtF, tolC;JAAVSM000000000.1;-;R;R;R;R;R;S;R;R;R;R;R;R;S;S;S;R;S;S;R;R;R;S;-;NextSeq;February, 2020;Unicycler v0.4.8;March, 2020;4656504;36
SQ358;F138;Thaís Sincero;Escherichia coli;Brazil;South;Florianópolis (SC);-27.597336 -48.519078;September, 2017;Human;Rectal swab;Homo sapiens;ST349;IncA/C2, IncX2;blaNDM-1, blaTEM-1C, blaOXA-1;floR, catB3;-;-;-;aph(6)-Id, aph(3'')-Ib, aph(3')-VI;-;-;-;mph(A), mdf(A);aac(6')-Ib-cr, qnrB;sul2, sul1;ARR-3;-;-;fimB, fimE, fimI, fimC, fimD, entC, yagW/ecpD, yagX/ecpC, yagZ/ecpA, ykgK/ecpR, gspG, kpsD, chuV, chuU, shuA, air, eilA, iss;NA;NA;NA;fimH27;D;O166:H15;NA;yjiO, mdtN, phnP, phnO, phnN, phnM, phnL, phnK, phnJ, phnI, phnH, phnG, phnF, phnE, phnd, phnC, mvrC, emrD, acrf, acrE, emrK, tolC, mdtF, mdtE, tehA, mdtK;JAAVSN000000000.1;-;R;R;R;R;R;R;R;R;S;S;R;S;S;S;S;S;R;S;R;R;R;R;-;NextSeq;February, 2020;Unicycler v0.4.8;March, 2020;4965758;70
SQ359;F105;Thaís Sincero;Escherichia coli;Brazil;South;Florianópolis (SC);-27.597336 -48.519078;July, 2016;Human;Rectal swab;Homo sapiens;ST155;IncA/C2, IncFII ;blaNDM-1, blaTEM-1C, blaOXA-1;floR, catB3;-;tet(A);-;aph(6)-Id, aph(3'')-Ib, aph(3')-VI;-;-;-;erm(B), mph(A), mdf(A);aac(6')-Ib-cr;sul2, sul1;ARR-3;-;-;yagW/ecpD, yagX/ecpC, yagY/ecpB, yagZ/ecpA,fimE, fimD, fimC, fimG, cba, cma, gad, lpfA;NA;NA;NA;fimH32;B1;O154:H51;NA;emrK, phnC, phnd, phnE, phnF, phnG, phnH, phnI, phnJ, phnK, phnL, phnM, phnN, phnO, phnP, mdtN, tolC, acrE, acrf, tehA, mvrC, qacE, yjiO, mdtK, mdtE, mdtF, emrD ;JAAVSL000000000.1;-;R;R;R;R;R;R;R;R;S;S;R;S;S;S;S;S;R;S;R;R;R;R;-;NextSeq;February, 2020;Unicycler v0.4.8;March, 2020;4756247;65
SQ378;BRAA64;Angela Patrícia ;Escherichia coli;Brazil;Midwest;Santa Cruz de Goiás (GO);-17.437688 -48.509309;May, 2017;Environmental;Directional residue;NA;ST10;IncI1;blaCTX-M-8;-;-;-;-;aph(6)-Ic, aac(3)-IIa, aadA1;-;-;-;mdf(A);qnrB19;-;-;-;-;entB, gspM, fimD, fimC, fimI, yagW/ecpD, yagX/ecpC, yagY/ecpB, yagZ/ecpA, astA, fimE, gad;NA;NA;NA;fimH54;A;O71:H48;NA;mdtK, mdtF, mdtE, phnC, phnd, phnE, phnF, phnG, phnH, phnI, phnJ, phnK, phnL, phnM, phnN, phnO, phnP, mdtN, tolC, emrK, mvrC, emrD, tehA, yjiO, acrf, acrE;JAAVKR000000000.1;-;S;S;S;S;S;S;S;R;S;S;S;S;S;S;S;S;S;S;S;S;S;S;-;NextSeq;February, 2020;Unicycler v0.4.8;March, 2020;4782365;98
20 (EX1);ECO37;Rosineide;Escherichia coli;Brazil;Southeast;Uberlândia (MG);-18.881786 -48.259878;March, 2015;Human;Urine;Homo sapiens;ST224;IncX3,IncU;blaKPC-2;-;-;-;-;-;-;-;-;mdf(A);-;-;-;-;-;yagX/ecpC, yagY/ecpB, yagZ/ecpA, fimE, fimI, fimC, fimD, fimF, gad, lpfA;NA;NA;NA;fimH39;B1;H23;NA;emrK, acrf, acrE, mdtN, phnP, phnO, phnN, phnM, phnL, phnK, phnJ, phnI, phnH, phnG, phnF, phnE, phnd, phnC, emrD, mdtK, tehA, tolC, mdtE, mdtF, yjiO;MAUI00000000.2;https://www.ncbi.nlm.nih.gov/pubmed/28807400;R;R;R;R;R;R;R;R;S;S;R;R;S;S;S;S;S;S;R;R;R;S;-;MiSeq;October, 2015;Unicycler v0.4.8;January, 2020;4768774;66
LRAT40 (NL40) (EX2);ECPB17;Meire Silvia;Escherichia coli;Brazil;Northeast;Patos (PB);-7.025898 -37.271598;October, 2015;Animal;Lung fragment;Felis catus;ST224;IncY-like, IncL1;blaCTX-M-8;-;-;tet(A);-;-;-;dfrA14;-;mdf(A);parE-458A, gyrA-83L, gyrA-87N, parC-80I;-;-;-;-;fimG, fimF, fimD, fimC, fimI, fimE, fimB, yagW/ecpD, yagX/ecpC, yagY/ecpB, yagZ/ecpA, cba, gad, lpfA, tsh;NA;NA;NA;fimH61 ;B1;H23;NA;mdtF, mdtE, emrD, emrK, tolC, mdtK, mdtN, phnP, phnO, phnN, phnM, phnL, phnK, phnJ, phnI, phnH, phnG, phnF, phnE, phnd, phnC, acrf, acrE, tehA, yjiO;PNFE00000000.2;https://www.ncbi.nlm.nih.gov/pubmed/30404045 ;S;S;R;S;S;S;R;R;R;R;S;S;R;S;R;R;S;S;S;S;S;R;-;NextSeq;May, 2017;Unicycler v0.4.8;January, 2020;5021521;160
LRAT51 (NL51) (EX3);C33C1;Luana;Escherichia coli;Brazil;Southeast;São Paulo (SP);-23.5122047 -46.6275563;July, 2012;Animal;Rectal swab;Canis lupus familiaris;ST457;IncQ1-like, IncI1, IncFIB;blaCTX-M-2;-;-;-;-;aph(6)-Id, aph(3'')-Ib, aac(3)-VIa, aadA1;-;dfrA1;-;mdf(A), mph(B);gyrA-83L;sul1, sul2;-;-;-;yagW/ecpD, yagX/ecpC, yagY/ecpB, yagZ/ecpA, ykgK/ecpR, entC, fimG, fimF, fimD, fimC, fimI, fimE, fimB, shuA, chuT, chuW, chuU, chuV, iroB, iroC, iroD, iroE, iroN, ybtS, ybtX, ybtQ, ybtP, ybtA, irp2, irp1, ybtU, ybtT, ybtE, fyuA, air, cma, eilA, gad, ireA, iss, lpfA;NA;NA;NA;fimH145 ;F;O11:H6;NA;acrf, acrE, tolC, mvrC, qacE, mdtK, yjiO, emrK, emrD, mdtE, mdtF, mdtN, phnP, phnO, phnN, phnM, phnL, phnK, phnJ, phnI, phnH, phnG, phnF, phnE, phnd, phnC, qacE, tehA;PHSR00000000.2;-;S;S;S;R;S;S;R;R;R;S;S;R;S;R;R;S;S;S;R;R;R;S;-;NextSeq;May, 2017;Unicycler v0.4.8;January, 2020;5086337;228
LRAT20 (NL20) (EX4);ICBECG2 ;Míriam;Escherichia coli;Brazil;Southeast;São Vicente (SP);-23.955253 -46.399005;February, 2017;Animal;Feces;Felis catus;ST648;IncFIB-like, ColpVC, Col(Phad28);-;-;-;tet(B);-;aac(3)-VIa, aadA1;-;-;-;mdf(A);qnrB19 ;sul2;-;-;-;fimB, fimE, fimI, fimC, fimD, fimG, fimH, yagV/ecpE, yagW/ecpD, yagX/ecpC, yagY/ecpB, yagZ/ecpA, ykgK/ecpR, ompA, iroN, iroE, iroD, iroC, iroB, chuT, chuU, chuV, entB, entC, fepB, air, cba, cma, eilA, gad, ireA, iss, lpfA, mchF, ths;NA;NA;NA;fimH58 ;F;O153:H9;NA;emrK, yjiO, emrD, acrf, acrE, phnC, phnd, phnE, phnF, phnG, phnH, phnI, phnJ, phnK, phnL, phnM, phnN, phnO, phnP, mdtN, mvrC, tehA, mdtK, tolC, mdtE, mdtF, mvrC;PEDQ00000000.2;https://www.ncbi.nlm.nih.gov/pubmed/30227226;S;S;S;R;S;S;R;R;S;S;S;R;R;R;R;S;S;S;R;R;R;R;-;NextSeq;May, 2017;Unicycler v0.4.8;January, 2020;5304250;168
LRAT21 (NL21) (EX5);ICBECG4;Míriam;Escherichia coli;Brazil;Southeast;São Vicente (SP);-23.955253 -46.399005;February, 2017;Animal;Feces;Felis catus;ST648;IncFIA, IncFIB-like, IncFII(Prsb107) ;blaTEM-1B, blaCTX-M-15;-;-;tet(B);-;aadA5;-;dfrA17;-;mph(A), erm(B), mdf(A);parE-458A, gyrA-83L, gyrA-87N, parC-80I;sul1 ;-;-;-;ompA, fyuA, ybtE, ybtT, ybtU, irp1, irp2, ybtA, ybtP, ybtQ, ybtX, ybtS, fimD, fimC, fimI, fimE, fimB, kpsT, gspG, entB, entC, fepB, ykgK/ecpR, yagZ/ecpA, yagY/ecpB, yagX/ecpC, yagW/ecpD, yagV/ecpE, papK, papD, papC, papH, papB, papI, chuV, chuU, chuT, papX, air, eilA, gad, lpfA;NA;NA;NA;fimH27;F;O153:H6;NA;tolC, yjiO, mdtK, mdtN, phnP, phnO, phnN, phnM, phnL, phnK, phnJ, phnI, phnH, phnG, phnF, phnE, phnd, phnC, emrK, acrE, acrf, emrD, mvrC, mdtF, mdtE, tehA;PEDR00000000.2;https://www.ncbi.nlm.nih.gov/pubmed/30227226;S;S;S;R;S;S;R;R;R;R;S;R;S;S;R;R;S;S;R;R;R;R;-;NextSeq;May, 2017;Unicycler v0.4.8;January, 2020;5145185;181
200H (EX6);77H;Flávio Oliveira;Escherichia coli;Brazil;Southeast;Campinas (SP);-22.825733 -47.064217;August, 2016;Human;Urine;Homo sapiens;ST393;IncX4;-;-;mcr-1.1;-;-;-;-;-;-;mdf(A);parE-416F, gyrA-83L, gyrA-87N, parC-80I, parC-57T;-;-;-;-;entB, gspG, fimB, fimE, fimI, fimC, fimD, fimG, ykgK/ecpR, yagZ/ecpA, yagW/ecpD, chuV, chuU, shuT, shuA, papX, papG, papF, papK, papJ, papD, papC, papH, papB, papI, sat, iutA, iucD, iucC, iucB, iucA, kpsD, fyuA, ybtE, ybtT, ybtU, irp1, irp2, ybtA, ybtP, ybtQ, ybtX, ybtS, air, eilA, gad, iha, iss, ipfA, sat;NA;NA;NA;fimH54;D;O15:H1;NA;emrK, tehA, acrf, acrE, tolC, mvrC, yjiO, mdtF, mdtE, mdtN, phnP, phnO, phnN, phnM, phnL, phnK, phnJ, phnI, phnH, phnG, phnF, phnE, phnd, phnC, mdtK, emrD;QGIF00000000.2;https://www.ncbi.nlm.nih.gov/pubmed/29944955 ;S;S;S;S;S;S;S;S;R;R;S;S;S;S;S;R;S;S;S;S;S;S;-;MiSeq;February, 2017;Unicycler v0.4.8;January, 2020;5063545;108
77H (EX7);51H;Flávio Oliveira;Escherichia coli;Brazil;Southeast;Campinas (SP);-22.826174 -47.064371;August, 2016;Human;Urine;Homo sapiens;ST393;IncX4;-;-;mcr-1.1;-;-;-;-;-;-;mdf(A);parE-416F, gyrA-83L, gyrA-87N, parC-80I, parC-57T;-;-;-;-;entB, kpsD, gspG, ykgK/ecpR, yagZ/ecpA, yagW/ecpD, shuA, shuT, chuU, chuV, papX, papG, papF, papK, papJ, papD, papC, papH, papB, papI, sat, iutA, iucD, iucC, iucB, iucA, fimE, fimI, fimC, fimD, fimG, ybtS, ybtX, ybtQ, ybtP, ybtA, irp2, irp1, ybtU, ybtT, ybtE, fyuA, air, eilA, gad, iha, issa, lpfA, sat;NA;NA;NA;fimH54 ;D;O15:H1;NA;emrK, tehA, tolC, acrE, acrf, mvrC, mdtE, mdtF, phnC, phnd, phnE, phnF, phnG, phnH, phnI, phnJ, phnK, phnL, phnM, phnN, phnO, phnP, mdtN, yjiO, mdtK, emrD;QHCX00000000.2;https://www.ncbi.nlm.nih.gov/pubmed/29944955 ;S;S;S;S;S;S;S;S;R;R;S;S;S;S;S;R;S;S;S;S;S;S;-;MiSeq;February, 2017;Unicycler v0.4.8;January, 2020;5068512;105
DE01 (EX8);200H;Flávio Oliveira;Escherichia coli;Brazil;Southeast;Campinas (SP);-22.826174 -47.064371;January, 2017;Human;Urine;Homo sapiens;ST3024;IncX1-like,IncY-like,IncX4;blaOXA-9, blaTEM-1A ;-;mcr-1.1;tet(B);-;aadA1, aph(3')-IIa, aph(6)-Id, aph(3'')-Ib;-;-;-;mdf(A);aac(6')-Ib-cr, parE-416F, gyrA-83L, gyrA-87N, parC-80R;-;-;-;-;ybtS, ybtX, ybtQ, ybtP, ybtA, irp2, irp1, ybtU, ybtT, ybtE, fyuA, fimE, fimI, fimC, fimD, yagZ/ecpA, yagY/ecpB, yagX/ecpC, yagW/ecpD, ompA, cba, cma, gad, iha, iss, lpfA, mchB, mchC, mchF, tsh;NA;NA;NA;fimH86 ;B1;O40:H34;NA;tehA, yjiO, mdtK, emrK, emrD, tolC, mdtN, phnP, phnO, phnN, phnM, phnL, phnK, phnJ, phnI, phnH, phnG, phnF, phnE, phnd, phnC, mdtE, mdtF, acrf, acrE ;QHCW00000000.2;https://www.ncbi.nlm.nih.gov/pubmed/29944955 ;S;S;S;S;S;S;S;S;R;R;S;S;R;S;S;R;S;S;S;S;S;R;-;MiSeq;February, 2017;Unicycler v0.4.8;January, 2020;5075894;223
PA151 (EX9);50H;Flávio Oliveira;Escherichia coli;Brazil;Southeast;Campinas (SP);-22.826174 -47.064371;January, 2017;Human;Urine;Homo sapiens;ST354;IncHI2, p0111-like, IncFIB-like;blaTEM-1A, blaCTX-M-14, blaCTX-M-2;floR ;mcr-1.1;tet(A);-;aadA1, aph(3')-Ia, aac(3)-IId, aph(3'')-Ib, aph(6)-Id ;-;dfrA14 , dfrA1;-;mdf(A);parE-355T, gyrA-83L, parC-80I, parC-84G;sul1, sul2, sul3;-;-;-;kpsD, ybtU, ybtT, ybtE, fyuA, irp1, irp2, ybtA, ybtP, ybtQ, ybtX, ybtS, ibeA, fimF, fimD, fimC, fimI, fimE, fimB, yagW/ecpD, yagX/ecpC, yagY/ecpB, yagZ/ecpA, ykgK/ecpR, iroB, iroC, iroD, iroE, iroN, fepA, fes, fepB, entE, entB, chuV, chuU, chuW, chuT, shuA, air, cma, eilA, gad, iss, lpfA;NA;NA;NA;fimH58;F;O11:H4;NA;tolC, acrE, acrf, emrD, tehA, phnP, phnO, phnN, phnM, phnL, phnK, phnJ, phnI, phnH, phnG, phnF, phnE, phnd, phnC, mvrC, yjiO, emrK, mdtN, qacEdelta1, qacE, mdtF, mdtE, mdtK;QGIE00000000.2;https://www.ncbi.nlm.nih.gov/pubmed/29944955 ;S;S;S;R;S;S;R;R;R;R;S;R;S;R;R;R;S;S;R;R;R;R;-;MiSeq;February, 2017;Unicycler v0.4.8;January, 2020;5456008;178
LRAT34 (NL34) (EX10);40H;Flávio Oliveira;Escherichia coli;Brazil;Southeast;Campinas (SP);-22.826174 -47.064371;March, 2017;Human;Blood;Homo sapiens;ST210;IncX4, IncI1-like, IncFIB-like;blaCTX-M-8;cmlA1 ;mcr-1.1;tet(A);-;aadA1, aadA2, aph(3'')-Ib, aph(3')-Ia, aph(6)-Id ;-;dfrA12;-;mdf(A);parE-458A, gyrA-83L, gyrA-87N, parC-80I;sul3;-;-;-;fimB, fimE, fimI, fimC, fimD, fimF, fimG, yagZ/ecpA, yagY/ecpB, yagX/ecpC, yagW/ecpD, iroN, iroE, iroD, iroC, iroB, cma, gad, iss, lpfA;NA;NA;NA;fimH61 ;B1;O8:H23;NA;emrD, tolC, acrE, acrf, yjiO, mdtK, phnC, phnd, phnE, phnF, phnG, phnH, phnI, phnJ, phnK, phnL, phnM, phnN, phnO, phnP, mdtN, emrK, mdtE, mdtF, tehA;QHCY00000000.2;https://www.ncbi.nlm.nih.gov/pubmed/29944955 ;S;S;S;R;S;S;R;R;R;R;S;R;S;S;R;R;R;S;R;R;R;R;-;NextSeq;May, 2017;Unicycler v0.4.8;January, 2020;5135945;145
LRAT64 (EX11);ECCO2;Fabio Sellera;Escherichia coli;Brazil;Southeast;São Vicente (SP);-23.971045 -46.379640;September, 2017;Food;NA;Callichirus major;ST617;IncX3, IncFII, IncFIB-like;blaTEM-1B, blaCMY-2;-;-;tet(B), tet(D);-;aph(3'')-Ib, aph(6)-Id;-;-;-;mdf(A);qnrS1, parE-458A, gyrA-83L, gyrA-87N, parC-80I;sul2;-;-;-;ompA, entB, fyuA, ybtE, ybtT, ybtU, irp1, irp2, ybtA, ybtP, ybtQ, ybtX, ybtS, yagW/ecpD, yagX/ecpC, yagY/ecpB, yagZ/ecpA, gad, iss;NA;NA;NA;-;A;O89:H9;NA;tolC, mdtK, mdtN, phnP, phnO, phnN, phnM, phnL, phnK, phnJ, phnI, phnH, phnG, phnF, phnE, phnd, phnC, tehA, emrD, emrK, mdtF, mdtE, yjiO, sugE, acrf, acrE;PIZJ00000000.2;https://www.ncbi.nlm.nih.gov/pmc/articles/PMC6346163/;S;S;S;S;R;R;S;R;R;R;R;S;R;S;S;R;S;S;S;S;S;R;-;NextSeq;December, 2017;Unicycler v0.4.8;March, 2020;4861290;164
EM1CRO (EX12);EM1CRO;Fabio Sellera;Escherichia coli;Brazil;Southeast;Santos (SP);-23.9724 -46.3502;November, 2016;Animal;NA;Perna perna;ST457;IncY, IncI2-like, IncI-like;blaCMY-2;-;-;-;-;-;-;-;-;mdf(A);qnrB19;-;-;-;-;chuV, chuU, chuW, chuT, shuA, fimB, fimE, fimI, fimC, fimD, fimF, fimG, entC, ykgK/ecpR, yagZ/ecpA, yagY/ecpB, yagX/ecpC, yagW/ecpD, yagV/ecpE, air, eilA, lpfA;NA;NA;NA;fimH145;F;O11:H25;NA;tolC, acrE, acrf, mdtF, mdtE, mdtN, phnP, phnO, phnN, phnM, phnL, phnK, phnJ, phnI, phnH, phnG, phnF, phnE, phnd, phnC, yjiO, mdtK, tehA, emrK, emrD;NDBC00000000.2;https://www.ncbi.nlm.nih.gov/pubmed/29944920;S;S;S;S;R;R;S;R;S;S;R;R;S;S;S;S;S;S;S;S;S;S;-;NextSeq;January, 2017;Unicycler v0.4.8;March, 2020;5234773;96
LRAT33 (NL33) (EX13);ICBECPX6;Fabio Sellera;Escherichia coli;Brazil;Southeast;Santos (SP);-23.975312 -46.331345;December, 2016;Animal;Cloacal swab;Trachinotus carolinus ;ST744;IncHI2, IncX1-like,IncQ1-like;blaCTX-M-2, blaTEM-1B;catA1, floR;-;tet(A), tet(B);-;aadA5, aph(3')-Ia, aac(3)-IVa, aph(4)-Ia, aph(6)-Id, aph(3'')-Ib;-;dfrA7, dfrA17;-;mdf(A), mph(A), mph(B);gyrA-83L, gyrA-87N, parC-80I, parC-56T;sul1, sul2;-;-;-;entB, yagZ/ecpA, yagY/ecpB, yagX/ecpC, yagW/ecpD, fimD, fimC, fimI, fimE, fimB, gad;NA;NA;NA;fimH54;A;O89:H10;NA;mdtK, qacE, mdtN, phnP, phnO, phnN, phnM, phnL, phnK, phnJ, phnI, phnH, phnG, phnF, phnE, phnd, phnC, emrK, tehA, emrD, yjiO, mdtF, mdtE, acrE, acrf, tolC;PDMS00000000.2;https://www.ncbi.nlm.nih.gov/pubmed/30301029;S;S;S;R;S;S;R;R;R;R;S;R;S;R;R;R;R;S;R;R;R;R;-;NextSeq;May, 2017;Unicycler v0.4.8;January, 2020;4856339;145
Pamp8 (EX14);ICBECPX8;Fabio Sellera;Escherichia coli;Brazil;Southeast;Santos (SP);-23.975312 -46.331345;December, 2016;Animal;Cloacal swab;Trachinotus carolinus ;ST746;p0111-like,IncFII(pHN7A8);blaCTX-M-55, blaTEM-141;-;-;tet(A);-;-;fosA3;dfrA1;-;mdf(A);qnrB19;sul2;-;-;-;ompA, entB, gspM, fimG, fimD, fimC, fimI, fimE, gad;NA;NA;NA;fimH54;A;O112a:H18;NA;acrE, acrf, phnd, phnC, emrK, emrD, mdtK, tehA, mdtN, mdtF, mdtE, yjiO, tolC;PDMT00000000.2;https://www.ncbi.nlm.nih.gov/pubmed/30301029;S;S;S;S;S;S;S;R;S;S;S;R;S;S;R;S;S;S;S;S;S;R;-;NextSeq;January, 2017;Unicycler v0.4.8;January, 2020;4503279;162
LRAT39 (NL39) (EX15);5.3 mcr (PblE39);Meire Silvia;Escherichia coli;Brazil;Northeast;Patos (PB);-7.02556 -37.2779;December, 2012;Animal;Lung fragment;-;ST711;IncHI1B(R27), IncQ1-like, IncI1, IncFIA(HI1);blaTEM-1B, blaCTX-M-8;floR;mcr-5.1;tet(B);-;aadA2, aph(3'')-Ib, aph(6)-Id, aac(3)-IId ;-;dfrA12;-;mdf(A), Inu(G);-;sul2;-;-;-;fimD, fimC, fimE, fimB, yagW/ecpD, yagX/ecpC, yagY/ecpB, yagZ/ecpA, gad, iss, lpfA;NA;NA;NA;fimH39 ;B1;O45:H20;NA;tehA, mdtN, phnP, phnO, phnN, phnM, phnL, phnK, phnJ, phnI, phnH, phnG, phnF, phnE, phnd, phnC, acrf, acrE, emrD, yjiO, tolC, mdtK, emrK, mdtF, mdtE;PDMU00000000.2;https://www.ncbi.nlm.nih.gov/pubmed/30202925;S;S;S;R;S;S;R;R;R;S;S;R;S;S;S;S;S;S;R;R;R;R;-;NextSeq;May, 2017;Unicycler v0.4.8;January, 2020;5130786;149
MO (EX16);MOCRO;Fabio Sellera;Escherichia coli;Brazil;Southeast;Santos (SP);-23.976 -46.3726;November, 2017;Food;Oysters;Crassostrea spp.;ST131;IncFIA, IncFII;blaCTX-M-27;-;-;tet(A);-;aadA5, aph(6)-Id, aph(3'')-Ib;-;dfrA17;-;mdf(A), mph(A);parE-529L, gyrA-83L, gyrA-87N, parC-80I, parC-84V;sul1, sul2;-;-;-;fyuA, ybtE, ybtT, ybtU, irp1, irp2, ybtA, ybtP, ybtQ, ybtX, ybtS, chuS, chuA, chuT, chuW, chuX, chuY, chuU, chuV, aslA, yagV/ecpE, yagW/ecpD, yagY/ecpB, yagZ/ecpA, ykgK/ecpR, fimG, fimD, fimC, fimI, fimE, papB, iucA, iucB, iucC, sat, entF, fes, fepA, entA, entB, entE, entC, fepB, fepC, senB, kpsD, gad, iha, iss;NA;NA;NA;fimH30;B2;O25:H4;NA;mvrC, mdtK, mdtE, mdtF, acrE, acrf, tehA, yjiO, phnC, phnd, phnE, phnF, phnG, phnH, phnI, phnJ, phnK, phnL, phnM, phnN, phnO, phnP, mdtN, emrK, emrD, tolC;NCVZ00000000.2;https://www.ncbi.nlm.nih.gov/pubmed/32167559;S;S;S;S;S;S;S;R;R;R;S;S;S;S;R;R;S;S;S;S;S;R;-;NextSeq;January, 2017;Unicycler v0.4.8;March, 2020;5106657;122
AM5 (EX17);AM5CRO;Fabio Sellera;Escherichia coli;Brazil;Southeast;São Paulo (SP);-23.9705 -46.339;September, 2016;Environmental;Seawater;NA;ST38;IncY;blaCTX-M-14;-;-;-;-;aadA1, aph(6)-Id, aph(3'')-Ib;-;-;-;mdf(A);parE-458A, gyrA-83L, gyrA-87Y, parC-80I;sul2;-;-;-;yagW/ecpD, yagX/ecpC, yagY/ecpB, yagZ/ecpA, ykgK/ecpR, entB, chuV, shuT, shuA, fimB, fimE, fimI, fimC, fimD, fimF, fimG, fimH, iroD, iroE, ybtS, ybtX, ybtQ, ybtP, ybtA, irp2, irp1, ybtU, ybtT, ybtE, fyuA, eilA, gad, iss;NA;NA;NA;fimH5 ;B1;O86:H18;NA;acrE, acrf, tolC, emrK, emrD, mvrC, mdtF, mdtE, mdtK, tehA, phnC, phnd, phnE, phnF, phnG, phnH, phnI, phnJ, phnK, phnL, phnM, phnN, phnO, phnP, mdtN;MWIQ00000000.2;https://www.ncbi.nlm.nih.gov/pubmed/31733900;S;S;S;R;S;S;S;R;S;S;S;S;S;S;R;S;S;S;R;R;R;S;-;NextSeq;January, 2017;Unicycler v0.4.8;January, 2020;5153964;194
AM12 (EX18);BarcaCRO/12AM;Fabio Sellera;Escherichia coli;Brazil;Southeast;São Paulo (SP);-23.9892 -46.2979;September, 2016;Environmental;Seawater;NA;ST1284;IncI1, IncX4, IncFIA, IncFIB-like;blaOXA-1, blaCTX-M-15;-;-;tet(B);-;aadA1, aph(3'')-Ib, aadA5;-;dfrA17;-;mdf(A), mph(A);aac(6')-Ib-cr, parE-458A, gyrA-83L, gyrA-87N, parC-80I;sul1, sul2;-;-;-;yagW/ecpD, yagX/ecpC, yagY/ecpB, yagZ/ecpA, entB, ybtQ, ybtP, ybtA, irp2, irp1, ybtU, ybtT, ybtE, fyuA, ompA, capU, gap, iss;NA;NA;NA;-;A;O89:H9;NA;mdtN, phnP, phnO, phnN, phnM, phnL, phnK, phnJ, phnI, phnH, phnG, phnF, phnE, phnd, phnC, mdtK, tolC, tehA, emrK, emrD, mdtF, mdtE, yjiO, acrE, acrf;MWIS00000000.2;https://www.ncbi.nlm.nih.gov/pubmed/31733900;S;S;S;R;R;S;R;R;R;R;S;R;S;R;R;R;S;S;R;R;R;R;-;NextSeq;January, 2017;Unicycler v0.4.8;March, 2020;4981990;149
NL11 (EX19);AM7CRO;Fabio Sellera;Escherichia coli;Brazil;Southeast;São Paulo (SP);-23.9753 -46.3222;September, 2016;Environmental;Seawater;NA;ST10;IncY-like,Col156, IncI1;blaCTX-M-8;-;-;-;-;-;-;-;-;mdf(A);qnrB19;-;-;-;-;entB, ompA, fimB, fimE, fimI, fimC, fimD, fimG, yagZ/ecpA, yagY/ecpB, yagX/ecpC, yagW/ecpD, gspM, celb, gad;NA;NA;NA;fimH54;A;H27;NA;emrK, mdtK, emrD, mdtN, phnP, phnO, phnN, phnM, phnL, phnK, phnJ, phnI, phnH, phnG, phnF, phnE, phnd, phnC, tolC, acrf, acrE, yjiO, tehA, mdtF, mdtE;MWLH00000000.2;https://www.ncbi.nlm.nih.gov/pubmed/31733900;S;S;S;S;S;S;R;R;S;S;S;S;S;S;S;S;S;S;S;S;S;S;-;NextSeq;January, 2017;Unicycler v0.4.8;January, 2020;4923810;151
AM8 (EX20);AM8CRO;Fabio Sellera;Escherichia coli;Brazil;Southeast;São Paulo (SP);-23.9753 -46.3222;September, 2016;Environmental;Seawater;NA;ST155;IncFII, IncN, ColpVC-like;blaTEM-141, blaCTX-M-55;-;-;-;-;-;-;-;-;mdf(A);gyrA-83L, gyrA-87N, parC-80I;-;-;-;-;fimG, fimD, fimC, fimE, yagW/ecpD, yagX/ecpC, yagY/ecpB, yagZ/ecpA, gad, lpfA;NA;NA;NA;fimH32;B1;O88:H51;NA;tolC, phnC, phnd, phnE, phnF, phnG, phnH, phnI, phnJ, phnK, phnL, phnM, phnN, phnO, phnP, mdtN, acrE, acrf, yjiO, tehA, mdtF, mdtE, mdtK, emrK, mvrC, emrD;MWIR00000000.2;https://www.ncbi.nlm.nih.gov/pubmed/31733900;S;S;S;R;S;S;S;R;R;R;S;R;S;S;S;R;S;S;R;R;R;S;-;NextSeq;January, 2017;Unicycler v0.4.8;March, 2020;4970314;118
PET3 (EX21);ECPET03;Marcelo Carvalho;Escherichia coli;Brazil;Southeast;São Paulo (SP);-23.568244 -46.732259;2017;Animal;Rectal swab;Coragyps atratus;ST212;IncFII;blaTEM-141, blaCTX-M-55;-;-;-;-;-;-;-;-;mdf(A);gyrA-83L;-;-;-;-;fimE, fimI, fimC, fimD, ompA, yagX/ecpC, yagY/ecpB, yagZ/ecpA, gap, iss, lpfA;NA;NA;NA;fimH38;B1;O18:H49;NA;tehA, emrD, mvrC, mdtN, phnP, phnO, phnN, phnM, phnL, phnK, phnJ, phnI, phnH, phnG, phnF, phnE, phnd, phnC, acrE, acrf, mdtK, yjiO, mvrC, emrK, mdtE, mdtF, tolC;PQET00000000.2;-;S;S;R;R;R;S;R;R;R;S;S;R;S;S;S;S;S;S;R;R;R;S;-;NextSeq;January, 2017;Unicycler v0.4.8;March, 2020;4931337;117
PET11 (EX22);ECPET11;Marcelo Carvalho;Escherichia coli;Brazil;Southeast;São Paulo (SP);-23.568244 -46.732259;2017;Animal;Rectal swab;Nasua nasua;ST744;IncFIB-like, IncX1-like, IncQ1-like, IncFII;blaTEM-141, blaCTX-M-55;cmlA1 , catA1;-;tet(B);-;aadA2, aadA1, aadA5, aph(3')-Ia, aph(6)-Id, aph(3'')-Ib, aac(3)-IId ;fosA3;dfrA17;-;mdf(A);gyrA-83L, gyrA-87N, parC-80I, parC-56T;sul1, sul2;-;-;-;entB, yagW/ecpD, yagX/ecpC, yagY/ecpB, yagZ/ecpA, fimB, fimE, fimI, fimC, fimD, iroB, iroC, iroD, iroE, iroN, cma, gad, iss;NA;NA;NA;fimH54;A;O89:H10;NA;mdtK, tehA, emrD, emrK, yjiO, mdtE, mdtF, tolC, acrE, acrf, mdtN, phnP, phnO, phnN, phnM, phnL, phnK, phnJ, phnI, phnH, phnG, phnF, phnE, phnd, phnC;PQEU00000000.2;-;S;S;S;R;S;S;R;R;R;R;S;R;R;R;R;R;R;R;R;R;R;R;-;NextSeq;January, 2017;Unicycler v0.4.8;March, 2020;4899397;197
PET13 (EX23);ECPET13;Marcelo Carvalho;Escherichia coli;Brazil;Southeast;São Paulo (SP);-23.568244 -46.732259;2017;Animal;Rectal swab;Asio clamator;ST212;IncFII;blaTEM-141, blaCTX-M-55;-;-;-;-;-;-;-;-;mdf(A);gyrA-83L;-;-;-;-;yagZ/ecpA, yagY/ecpB, yagX/ecpC, ompA, fimD, fimC, fimI, fimE, gad, iss, lpfA;NA;NA;NA;fimH38;B1;O18:H49;NA;tehA, emrD, mvrC, mdtN, phnP, phnO, phnN, phnM, phnL, phnK, phnJ, phnI, phnH, phnG, phnF, phnE, phnd, phnC, acrE, acrf, mdtK, yjiO, mvrC, emrK, mdtE, mdtF, tolC;PQEV00000000.2;-;S;S;S;S;S;S;S;S;R;S;S;S;S;S;S;S;S;S;S;S;S;S;-;NextSeq;January, 2017;Unicycler v0.4.8;March, 2020;4933290;115
PET31 (EX24);ECPET31;Marcelo Carvalho;Escherichia coli;Brazil;Southeast;São Paulo (SP);-23.568244 -46.732259;2017;Animal;Rectal swab;Nasua nasua;ST58;IncHI2, IncFIA, IncQ1-like;blaCTX-M-2;-;-;tet(A);-;aadA1, aac(3)-IVa, aph(4)-Ia, aph(6)-Id, aph(3'')-Ib, aph(3')-Ia;-;dfrA7;-;mdf(A);-;sul1, sul2;-;-;-;yagW/ecpD, yagX/ecpC, yagY/ecpB, yagZ/ecpA, fimG, fimD, fimC, fimI, fimE, gad, iss, lpfA;NA;NA;NA;fimH54 ;B1;O78:H21;NA;tehA, tolC, phnC, phnd, phnE, phnF, phnG, phnH, phnI, phnJ, phnK, phnL, phnM, phnN, phnO, phnP, mdtN, acrE, acrf, mvrC, qacE, yjiO, mdtK, emrD, emrK, mdtE, mdtF ;PQEW00000000.2;-;S;S;S;R;S;S;R;R;S;S;S;R;R;R;R;S;S;S;R;R;R;R;-;NextSeq;January, 2017;Unicycler v0.4.8;January, 2020;5212219;148
PET36 (EX25);ECPET36;Marcelo Carvalho;Escherichia coli;Brazil;Southeast;São Paulo (SP);-23.568244 -46.732259;2017;Animal;Rectal swab;Nasua nasua;ST1251;IncHI2A, p0111-like;blaOXA-1, blaTEM-1B, blaCTX-M-15;catB3, catA1;-;tet(A);-;aadA1,aph(6)-Id, aph(3'')-Ib, aac(3)-IIa ;-;dfrA1, dfrA14;-;mdf(A);qnrB1, aac(6')-Ib-cr;sul2;-;-;-;entB, fimG, yagZ/ecpA, yagY/ecpB, yagX/ecpC, yagW/ecpD, espY2;NA;NA;NA;fimH400 ;A;O130:H26;NA;phnC, phnd, phnE, phnF, phnG, phnH, phnI, phnJ, phnK, phnL, phnM, phnN, phnO, phnP, mdtN, mdtK, tolC, mdtF, mdtE, acrf, acrE, tehA, yjiO, emrD, emrK;PQEX00000000.2;-;S;S;S;R;S;S;R;R;S;S;S;R;S;R;R;R;R;S;R;R;R;R;-;NextSeq;January, 2017;Unicycler v0.4.8;January, 2020;4972330;173
LRAT38 (EX26);ICBUR6;Marcelo Carvalho;Escherichia coli;Brazil;Southeast;São Paulo (SP);-23.568244 -46.732259;2017;Animal;Rectal swab;Coragyps atratus;ST1158;IncFIB-like;blaCTX-M-2;catA1;-;tet(B);-;aadA1, aph(3')-Ia, aph(6)-Id, aph(3'')-Ib;-;-;-;mdf(A);qnrB19;sul1, sul2;-;-;-;ykgK/ecpR, yagZ/ecpA, yagY/ecpB, yagX/ecpC, yagW/ecpD, fimE, fimI, fimC, fimD, fimF, shuA, shuT, chuU, chuV, papG, papF, papK, papJ, papD, papC, astA, entB, kpsM, kpsT, kpsD, papI, papB, iss, astA, eilA, iha, ireA;NA;NA;NA;fimH47;E;O17/O44:H34;NA;emrD, tehA, mvrC, yjiO, mdtE, mdtF, qacE, qacEdelta1, emrK, mdtK, acrE, acrf, tolC, mdtN, phnP, phnO, phnN, phnM, phnL, phnK, phnJ, phnI, phnH, phnG, phnF, phnE, phnd, phnC;PPCS00000000.2;-;S;S;S;R;S;S;R;R;S;S;S;S;S;S;S;S;R;S;R;R;R;R;-;NextSeq;December, 2017;Unicycler v0.4.8;March, 2020;5537465;269
LRAT42 (EX27);ICBUR15;Marcelo Carvalho;Escherichia coli;Brazil;Southeast;São Paulo (SP);-23.568244 -46.732259;2017;Animal;Rectal swab;Coragyps atratus;ST38;IncI2-like;blaCTX-M-14;-;-;-;-;aph(6)-Id, aph(3'')-Ib;-;-;-;mdf(A);parE-458A, gyrA-83L, gyrA-87Y, parC-80I;sul2;-;-;-;ybtS, ybtX, ybtQ, ybtP, ybtA, irp2, irp1, ybtU, ybtT, ybtE, fyuA, entB, yagW/ecpD, yagY/ecpB, yagZ/ecpA, ykgK/ecpR, shuA, shuT, chuV, fimH, fimG, fimF, fimD, fimC, fimI, fimE, fimB, astA, iroD, iroE, eilA, gad, iss;NA;NA;NA;fimH5 ;D;O86:H18;NA;acrf, acrE, emrK, emrD, tolC, mdtE, mdtF, tehA, mdtK, mvrC, phnC, phnd, phnE, phnF, phnG, phnH, phnI, phnJ, phnK, phnL, phnM, phnN, phnO, phnP, mdtN;PPCU00000000.2;-;S;S;S;S;S;S;S;R;R;R;S;S;S;S;S;R;S;S;S;S;S;S;-;NextSeq;December, 2017;Unicycler v0.4.8;March, 2020;5127948;160
LRAT44 (EX28);ICBUR20;Marcelo Carvalho;Escherichia coli;Brazil;Southeast;São Paulo (SP);-23.568244 -46.732259;2017;Animal;Rectal swab;Coragyps atratus;ST38;IncI2-like;blaCTX-M-14;-;-;-;-;aph(6)-Id, aph(3'')-Ib;-;-;-;mdf(A);parE-458A, gyrA-83L, gyrA-87Y, parC-80I;sul2;-;-;-;yagW/ecpD, yagX/ecpC, yagY/ecpB, yagZ/ecpA, ykgK/ecpR, entB, ybtS, ybtX, ybtQ, ybtP, ybtA, irp2, irp1, ybtU, ybtT, ybtE, fyuA, chuV, shuT, shuA, fimB, fimE, fimI, fimC, fimD, fimF, fimG, fimH, astA, iroE, iroD, eilA, gad, iss;NA;NA;NA;fimH5;D;O86:H18;NA;emrK, emrD, tolC, mdtK, mdtF, mdtE, tehA, mvrC, mdtN, phnP, phnO, phnN, phnM, phnL, phnK, phnJ, phnI, phnH, phnG, phnF, phnE, phnd, phnC, acrf, acrE;PPCT00000000.2;-;S;S;S;S;S;S;S;R;R;R;S;S;S;S;S;R;S;S;S;S;S;S;-;NextSeq;December, 2017;Unicycler v0.4.8;March, 2020;5128728;174
NL2 (EX29);13B;Luciana Sartori;Escherichia coli;Brazil;Southeast;Bragança Paulista (SP);-22.968754 -46.536625;December, 2015;Animal;Rectal swab;-;ST90;IncY, IncFIA, IncFII, IncFIB-like,IncQ1-like;blaTEM-1B, blaCTX-M-15;-;-;tet(A), tet(B);-;aadA1, aadA5, aph(3'')-Ib, aph(6)-Id, aac(3)-IId ;-;dfrA17, dfrA8;-;mdf(A);parE-458A, gyrA-83L, gyrA-87N, parC-80I;sul1, sul2;-;-;-;espL1, fimG, fimD, fimC, fimI, fimE, fimB, yagW/ecpD, yagX/ecpC, yagY/ecpB, yagZ/ecpA, iss;NA;NA;NA;fimH142 ;C;O8:H9;NA;mdtK, mdtF, mdtE, emrD, yjiO, tehA, mvrC, phnC, phnd, phnE, phnF, phnG, phnH, phnI, phnJ, phnK, phnL, phnM, phnN, phnO, phnP, mdtN, acrf, acrE, tolC, emrK;NBCL00000000.2;https://www.ncbi.nlm.nih.gov/pubmed/29111480;S;S;S;R;R;S;R;R;R;R;S;R;S;R;R;R;S;S;R;R;R;R;-;MiSeq;November, 2016;Unicycler v0.4.8;January, 2020;5209552;177
CF111 (EX30);CF111;Daniel Monte;Escherichia coli;Brazil;Southeast;São Paulo (SP);-23.51 -46.47;December, 2016;Food;Chicken breast;Gallus gallus domesticus;ST1850;IncI1, IncX4, IncFIB-like, IncFIA-like;blaTEM-1A, blaCMY-2;-;mcr-1.1;-;-;aadA1, aph(3')-Ia;-;-;-;Inu(A), mdf(A);-;-;-;-;-;gspL, entC, entB, fimE, fimI, fimC, fimD, yagW/ecpD, yagX/ecpC, yagY/ecpB, yagZ/ecpA, iroN, iroE, iroD, iroC, iroB, espL1, gad, iss, mchF, tsh;NA;NA;NA;fimH1113;A;O9:H10;NA;tolC, acrE, mdtF, mdtE, emrD, yjiO, emrK, sugE, tehA, mvrC, mdtK, acrf, phnC, phnd, phnE, phnF, phnG, phnH, phnI, phnJ, phnK, phnL, phnM, phnN, phnO, phnP, mdtN;MUIP00000000.2;https://www.ncbi.nlm.nih.gov/pubmed/28522705;S;S;R;S;R;S;S;S;S;S;R;R;S;S;S;S;S;S;S;S;S;S;-;NextSeq;January, 2017;Unicycler v0.4.8;March, 2020;4988090;114
CF341 (EX31);CF341;Daniel Monte;Escherichia coli;Brazil;Southeast;São Paulo (SP);-23.48 -46.63;October, 2016;Food;Chicken breast;Gallus gallus domesticus;ST88;IncI1, IncX4, IncFIB-like;blaCTX-M-2;-;mcr-1.1;tet(A);-;aadA1, aac(3)-VIa, aadA2;-;-;-;mdf(A);-;sul1, sul2, sul3;-;-;-;espL1, fyuA, ybtE, ybtT, ybtU, irp1, irp2, ybtA, ybtP, ybtQ, ybtX, ybtS, fimB, fimE, fimI, fimC, fimD, yagW/ecpD, yagX/ecpC, yagY/ecpB, yagZ/ecpA, gad, iss, lpfA;NA;NA;NA;fimH39;C;O9:H17;NA;emrK, mdtK, tolC, acrf, acrE, yjiO, mdtF, mdtE, qacE, qacE, phnC, phnd, phnE, phnF, phnG, phnH, phnI, phnJ, phnK, phnL, phnM, phnN, phnO, phnP, mdtN, tehA, emrD, mvrC;MUIQ00000000.2;https://www.ncbi.nlm.nih.gov/pubmed/28522705;S;S;S;R;R;S;R;R;S;S;S;R;S;R;S;S;S;S;R;R;R;R;-;NextSeq;January, 2017;Unicycler v0.4.8;March, 2020;5091627;113
