Barcode Site;ID;Researcher;Specie;Country;Region;City;Latitude and longitude;Date;Origin;Source;Host;ST;Plasmidome;Resistome;-;-;-;-;-;-;-;-;-;-;-;-;-;-;Virulome;k locus;wzi;wzc;fim type;ClermontTyping;Serotype ;Serovar;Heavy metal/ QAC genes;Access no. (GB);Paper published;Antibiogram;-;-;-;-;-;-;-;-;-;-;-;-;-;-;-;-;-;-;-;-;-;-;Sequencer ;Sequencing date;Assembler;Date of assembly;Genome (bp);Contigs no.
;-;-;-;-;-;-;-;-;-;-;-;-;-;β-lactam;Phenicol;Colistin;Tetracycline;Glycopeptide;Aminoglycoside;Fosfomycin;Trimethoprim;Nitroimidazole;Macrolide;Quinolone;Sulphonamide;Rifampicin;Fusidic acid;Oxazolidinone;-;-;-;-;-;-;-;-;-;-;-;MER;ETP;IPM;CRO;CAZ;CFX;CPM;CTX;NAL;CIP;AMC;ATM;AMI;GEN;SXT;ENO;CHL;FOS;CEP;CTF;AMP;TET;COL*;-;-;-;-;-;
ONE201;1H;Levy/Nilton/Fernanda;Klebsiella pneumoniae;Brasil;Southeast;Campinas (SP);-22.826907 -47.064108;2017;Human;Blood;Homo sapiens;ST11;IncFII(pKP91)1, IncX31, IncN1, Col(pHAD28)1, Col(BS512)1, IncFIB(pQil)1, IncFIB(pNDM-Mar)1, ColRNAI1, IncFIB(K)1;blaKPC-2, blaOXA-1, blaSHV-11;catB3;-;tetA;-;-;fosA;dfrA30;-;-;gyrA-83I, parC-80I, qnrB1, oqxA, oqxB;sul1;arr3;-;-;ybtS, ybtX, ybtQ, ybtA, ybtU, ybtT, ybtE, irp1, irp2, fyuA, clbA, clbB, clbC, clbD, clbE, clbF, clbG, clbH, clbI, clbL, clbM;KL64;wzi64;-;NA;NA;NA;NA;oqxA, oqxB;-;-;R;R;R;R;R;R;R;R;R;R;R;R;S;S;R;R;R;S;R;R;R;R;S;MiSeq ;April, 2017;Unicycler v0.4.8;March, 2020;6104960;118
ONE202;1296H;Levy/Nilton/Fernanda;Klebsiella pneumoniae;Brasil;Southeast;Campinas (SP);-22.826907 -47.064108;2018;Human;Blood;Homo sapiens;ST11;IncC1, ColRNAI1, IncFIB(K)1, IncFIB(pKPHS1)1, IncFII(pKP91)1;blaKPC-2, blaCTX-M-8, blaOXA-2, blaSHV-11, blaTEM-1D;-;-;-;-;aac(3')-IIa, aph(3')-Ia;fosA;-;-;mphA;gyrA-83I, gyrA-87Y, parC-80I, oqxA, oqxB;sul1;-;-;-;ybtS, ybtX, ybtQ, ybtA, ybtU, ybtT, ybtE, irp1, irp2, fyuA, clbA, clbB, clbC, clbD, clbE, clbF, clbG, clbH, clbI, clbL, clbM;KL27;wzi27;-;NA;NA;NA;NA;oqxA, oqxB;-;-;R;R;R;R;R;R;R;R;R;R;R;R;R;R;R;R;S;S;R;R;R;S;S;MiSeq ;April, 2017;Unicycler v0.4.8;March, 2020;5889664;105
ONE203;Kp180;Pitondo;Klebsiella pneumoniae;Brasil;South;Londrina (PR);-23.325983 -51.128847;2014;Human;Blood;Homo sapiens ;ST258;IncFII(pKP91)1, IncC1, IncN1, IncFIB(K)1, ColRNAI1;blaKPC-2, blaCTX-M-14, blaSHV-11, blaTEM-1D;catA1;-;tetG;-;aac(3')-IId, aadA2, aph(3')-Ia, strA, strB, rmtB;fosA;dfrA12;-;erm42, mphA;gyrA-83I, parC-80I, oqxA, oqxB;sul1;-;-;-;-;KL107;wzi154;-;NA;NA;NA;NA;oqxB, oqxA, qacEΔ1;-;-;R;R;R;R;R;R;R;R;R;R;R;R;R;R;R;R;R;S;R;R;R;R;S;MiSeq ;May, 2017;Unicycler v0.4.8;March, 2020;5773084;117
ONE204;KpAm06;Pitondo;Klebsiella pneumoniae;Brasil;North;Manaus (AM);-3.10719 -60.0261;2014;Human;Catheter ;Homo sapiens ;ST340;IncFII(pKP91)1, IncX52, IncFIB(K)1, IncR1, Col440II1, Col(pHAD28)1, Col440I1, Col(pHAD28)1, IncFIA(HI1)1;blaKPC-2, blaCTX-M-15, blaOXA-1, blaSHV-182, blaTEM-1B;-;-;tetD;-;aac(3')-IId, aac(6')-Ib-cr, aadA2, aph(3')-Ia, aph(3'')-Ib, aph(6)-Id;fosA;dfrA12, dfrA14;-;mphA;qnrB1, oqxA, oqxB;sul1, sul2;-;-;-;-;KL15;wzi50;-;NA;NA;NA;NA;oqxA, oqxB, qacEΔ1;-;-;R;R;R;R;R;R;R;R;R;R;R;R;S;R;R;R;R;S;R;R;R;R;S;MiSeq ;May, 2017;Unicycler v0.4.8;March, 2020;5481019;117
ONE205;KpPi144;Pitondo;Klebsiella pneumoniae;Brasil;Northeast;Teresina (PI);-5.0891700 -42.8019400;2013;Human;Blood;Homo sapiens ;ST3994;-;blaSHV-187;-;-;-;-;-;fosA;-;-;-;oqxA, oqxB;-;-;-;-;ybtS, ybtX, ybtQ, ybtP, ybtA, ybtU, ybtT, ybtE, irp1, irp2, fyuA, clbA, iroB, iroC, iroD, iroN;KL2;wzi2;-;NA;NA;NA;NA;oqxA, oqxB;-;-;S;S;S;S;S;S;S;S;R;R;S;S;S;S;S;R;S;S;S;S;S;S;S;MiSeq ;May, 2017;Unicycler v0.4.8;March, 2020;5207926;43
ONE206;KpPi149;Pitondo;Klebsiella pneumoniae;Brasil;Northeast;Teresina (PI);-5.0891700 -42.8019400;2013;Human;Blood;Homo sapiens ;ST17;IncFIB(AP001918)1, IncFII(pKP91)1, IncFIB(pNDM-Mar)1, IncFII(29)1, Col1561, IncFIB(K)1, Col(pHAD28)1;blaCTX-M-2, blaSHV-11, blaTEM-1D;cmlA5;-;tetB;-;aac(6')-Ib-cr, aadA1, strA, strB;fosA;dfrA15, dfrA17, dfrA21;-;mphA;-;sul1, sul2;-;-;-;ybtS, ybtX, ybtQ, ybtP, ybtA, ybtU, ybtT, ybtE, irp1, irp2, fyuA, clbA;KL25;wzi141;-;NA;NA;NA;NA;oqxA, oqxB, qacE;-;-;S;S;S;R;S;S;R;R;S;S;R;R;S;S;R;S;S;S;R;R;R;R;S;MiSeq ;May, 2017;Unicycler v0.4.8;March, 2020;5776565;147
ONE207;LCKp01;Sellera;Klebsiella pneumoniae;Brasil;Southeast;Santos (SP);-23.9618 -46.3322;2018;Animal;Peritoneal fluid;Canis lupus familiaris;ST392;IncHI1B(pNDM-MAR)1, IncFII(pKP91)1, IncFIB(K)1, IncFIB(pNDM-Mar)1, Col(pHAD28)1;blaCTX-M-15, blaOXA-1, blaSHV-11, blaTEM-1D;catB3;-;tetA;-;aadA12, sul, aph(3')-Ia, aac(3)-Ib, aadA2, ant(3'')-Ia;fosA;dfrA30;-;mphA;gyrA-83I, parC-80I, oqxA, oqxB;sul1;-;-;-;-;KL27;wzi187;-;NA;NA;NA;NA;oqxB, oqxA;-;-;S;S;S;R;R;S;R;R;R;R;R;S;S;R;R;R;R;S;R;R;R;R;S;MiSeq ;May, 2017;Unicycler v0.4.8;March, 2020;5775243;83
ONE208;Kp1271/09;Dropa/Nilton;Klebsiella pneumoniae;Brasil;Southeast;São Paulo (SP);-23.612389 -46.581194;2009;Environmental;Sewage;NA;ST307;IncFIB(K)1, Col(pHAD28)1, ColRNAI1; blaCTX-M-15, blaOXA-1, blaSHV-11;-;-;-;-;strA, strB;fosA;dfrA14;-;-;gyrA-83I, parC-80I, qnrB1, oqxA, oqxB;sul1;-;-;-;-;KL102;wzi173;-;NA;NA;NA;NA;oqxB, oqxA;-;-;S;S;S;R;R;S;R;R;R;R;S;R;S;S;R;R;S;S;R;R;R;S;S;MiSeq ;June, 2019;Unicycler v0.4.8;March, 2020;5460655;85
ONE209;KpAm16;Pitondo;Klebsiella pneumoniae;Brasil;North;Manaus (AM);-3.10719 -60.0261;2016;Human;Blood;Homo sapiens ;ST307;IncFII(pKP91)1, IncFIB(K)1, Col(pHAD28)1; blaCTX-M-15, blaOXA-1, blaSHV-28;-;-;tetA;-;aac(3')-IIa, strA, strB;fosA;dfrA15;-;-;gyrA-83I, parC-80I, qnrB1, oqxA, oqxB;sul1;-;-;-;-;KL102;wzi173;-;NA;NA;NA;NA;oqxA, oqxB;-;-;S;S;S;R;R;S;R;R;R;R;S;R;S;R;R;R;S;S;R;R;R;R;S;MiSeq ;June, 2019;Unicycler v0.4.8;March, 2020;5477528;93
ONE210;TIES-4900;Nilton;Klebsiella pneumoniae;Brasil;Southeast;São Paulo (SP);-23.454444 -46.910000;2017;Environmental;Water;NA;ST15;IncFII(pKP91)1, IncFIB(K)1, IncR1, Col(pHAD28)1, Col440II1, Col(pHAD28)1, Col(pHAD28)1, Col(pHAD28)1;blaCTX-M-15, blaOXA-1, blaSHV-1;catB5;-;tetA;-;aac(3')-IIa;fosA;dfrA14;-;-;gyrA-83F, gyrA-87A, parC-80I, qnrB1, oqxA, oqxB;-;-;-;-;ybtS, ybtX, ybtQ, ybtP, ybtA, ybtU, ybtT, ybtE, irp1, irp2, fyuA, clbA;KL24;wzi24;-;NA;NA;NA;NA;oqxA, oqxB;-;-;S;S;S;R;R;R;R;R;R;R;S;R;R;R;R;R;R;S;R;R;R;R;S;MiSeq ;June, 2019;Unicycler v0.4.8;January, 2020;5470916;129
ONE211;PINH-4250;Nilton;Klebsiella pneumoniae;Brasil;Southeast;São Paulo (SP);-23.702500 -46.673889;2016;Environmental;Water;NA;ST11;IncFII(pKP91)1, IncFIB(pQil)1, IncN1, IncFIB(K)1, ColRNAI1;blaKPC-2, blaOXA-2, blaSHV-11, blaTEM-1D;catA1;-;-;-;aac(3')-IIa;fosA;dfrA30;-;-;gyrA-83I, parC-80I, oqxA, oqxB;sul1;-;-;-;ybtS, ybtX, ybtQ, ybtP, ybtA, ybtU, ybtT, ybtE, irp1, irp2, fyuA, clbA, clbB, clbC, clbD, clbE, clbF, clbG, clbH, clbI, clbL, clbM, clbN, clbO, clbP, clbQ, iucA;KL64;wzi64;-;NA;NA;NA;NA;oqxB, oqxA;-;-;R;R;R;R;R;R;R;R;R;R;R;R;R;R;R;R;R;S;R;R;R;S;S;MiSeq ;June, 2019;Unicycler v0.4.8;January, 2020;5835231;141
ONE212;N1B1;Nilton/Elder;Klebsiella pneumoniae;Brasil;Southeast;São Paulo (SP);-23.5489 -46.6388;2018;Animal;Oral swab;Rattus norvegicus;ST307;IncFIB(K)1, Col(pHAD28)1, Col(pHAD28)1;blaCTX-M-15, blaOXA-1, blaSHV-28, blaTEM-1D;-;-;-;-;aac(3')-IIa, strA, strB;fosA;dfrA14;-;-;gyrA-83F, gyrA-87A, parC-80I, qnrB1, oqxA, oqxB;sul1;-;-;-;-;KL102;wzi173;-;NA;NA;NA;NA;oqxB, oqxA;-;-;S;S;S;R;R;S;R;R;R;R;S;R;R;R;R;R;R;S;R;R;R;S;S;MiSeq ;June, 2019;Unicycler v0.4.8;March, 2020;5495885;82
ONE213;427;Albalúcia;Klebsiella pneumoniae;Brasil;Northeast;João Pessoa (PB);-7.083333 -34.833333;2018;Human;Urine;Homo sapiens ;ST273;ColpVC1, IncQ11, Col(pHAD28)1, Col440II1, IncC1, Col440II1, Col(pHAD28)1, Col(pHAD28)1, IncM11, IncI1-I(Gamma)1;blaKPC-2, blaCTX-M-15, blaCTX-M-8, bçaOXA-9, blaSHV-11, blaTEM-1D;catA1;-;-;-;aac(6')-Ib, aac(6')-Iq, aadA1, aphA-6;fosA;-;-;-;gyrA-83I, parC-80I, oqxA, oqxB;sul1;-;-;-;-;KL74;wzi174;-;NA;NA;NA;NA;oqxA, oqxB, qacE;-;-;R;R;R;R;R;R;R;R;R;R;R;R;R;R;R;R;R;S;R;R;R;S;S;NextSeq ;July, 2019;Unicycler v0.4.8;March, 2020;5524130;77
ONE214;KpAm04;Pitondo;Klebsiella pneumoniae;Brasil;North;Manaus (AM);-3.10719 -60.0261;2014;Human;Wound discharge;Homo sapiens ;ST378;IncFII(pKP91)1, Col440II1, Col(pHAD28)1, Col(pHAD28)1, IncFIB(K)1, IncFIB(pKPHS1)1;blaSHV-87, blaTEM-1B;cmlA1, floR;-;tetA;-;aac(3)-Iva, aadA1, aadA2, aph(4)-Ia, strA, strB;fosA;dfrA8;-;-;gyrA-83Y, gyrA-87F, parC-80I, oqxA, oqxB;sul2, sul3;-;-;-;-;KL125;wzi77;-;NA;NA;NA;NA;oqxA, oqxB, qacF;-;-;S;S;S;S;S;S;S;S;R;R;S;S;S;R;R;R;R;S;S;S;S;S;S;NextSeq ;July, 2019;Unicycler v0.4.8;March, 2020;5487587;88
ONE215;42H;Sílvia;Klebsiella pneumoniae;Brasil;South;Porto Alegre (RS);-30.032778 -51.230000;2017;Human;Blood;Homo sapiens ;ST11;IncFII(pKP91)1, IncFIB(K)1, IncFIB(pQil)1, ColRNAI1, IncN1;blaKPC-2, blaSHV-11, blaTEM-1D;catA1;mgrB-49%;-;-;aac(3')-IIa;fosA;dfrA30;-;-;gyrA-83I, gyrA-87Y, parC-80I, oqxA, oqxB;sul1;-;-;-;ybtS, ybtX, ybtQ, ybtP, ybtA, ybtU, ybtT, ybtE, irp1, irp2, fyuA, clbA, clbB, clbC, clbD, clbE, clbF, clbG, clbH, clbI, clbL, clbM, clbN, clbO, clbP, clbQ, iucA;KL64;wzi64;-;NA;NA;NA;NA;oqxA, oqxB;-;-;R;R;R;R;R;R;R;R;R;R;R;R;R;R;R;R;R;R;R;R;R;R;R;NextSeq ;July, 2019;Unicycler v0.4.8;March, 2020;5797994;208
ONE216;Kp319;Maria Cristina Tognim;Klebsiella pneumoniae;Brasil;South;Maringá (PR);-23.4273 -51.9375;2019;Human;Blood;Homo sapiens ;ST11;IncFII(pCRY)1, IncFII(pKP91)1, IncN1, IncFIB(K)1, ColRNAI1, Col440II1, Col440I1;blaKPC-2, blaCTX-M-15, blaOXA-1, blaSHV-11, blaLAP-2;-;-;tetA;-;aac(3')-IIa, aadA2, aph(3')-Ia;fosA;dfrA12;-;mphA;gyrA-83I, parC-80I, qnrS1, oqxA, oqxB;sul1;-;-;-;ybtS, ybtX, ybtQ, ybtP, ybtA, ybtU, ybtT, ybtE, irp1, irp2, fyuA, clbA;KL15;wzi50;-;NA;NA;NA;NA;oqxA, oqxB, qacEΔ1;-;-;R;R;R;R;R;R;R;R;R;R;R;R;R;S;R;R;S;R;R;R;R;R;S;NextSeq ;July, 2019;Unicycler v0.4.8;March, 2020;5440403;97
ONE217;604;Albalúcia;Klebsiella pneumoniae;Brasil;Northeast;João Pessoa (PB);-7.083333 -34.833333;2019;Human;Urine;Homo sapiens ;ST15;IncHI1B(R27)1R27, IncHI1A1, IncR1, ColRNAI1, IncFIA(HI1)1, ColpVC1;blaKPC-2, blaCTX-M-15, blaOXA-1, blaOXA-9, blaSHV-1, blaTEM-30;catA2;-;tetB;-;aac(3')-IIa, aac(6')-Ib, aadA1, aph(6)-Ia;fosA;dfrA1, dfrA14;-;-;gyrA-83F, gyrA-87A, parC-80I, qnrB1, oqxA, oqxB;sul1, sul2;-;-;-;ybtS, ybtX, ybtQ, ybtP, ybtA, ybtU, ybtT, ybtE, irp1, irp2, fyuA, clbA;KL24;wzi24;-;NA;NA;NA;NA;oqxA, oqxB, qacE;-;-;R;R;R;R;R;S;R;R;R;R;R;S;R;R;R;R;R;R;R;R;R;R;S;NextSeq ;July, 2019;Unicycler v0.4.8;March, 2020;5658681;252
ONE218;KpAm05;Pitondo;Klebsiella pneumoniae;Brasil;North;Manaus (AM);-3.10719 -60.0261;2014;Human;Nasopharynx aspirate;Homo sapiens ;ST17;IncM11, IncHI1B(pNDM-MAR)1, IncFIB(pNDM-Mar)1;blaCTX-M-8, blaSHV-11, blaTEM-1D;-;-;-;-;-;fosA;-;-;-;-;-;-;-;-;-;KL122;wzi360;-;NA;NA;NA;NA;oqxB, oqxA;-;-;S;S;S;R;R;S;R;R;R;R;S;R;S;S;S;R;S;S;S;S;R;S;S;NextSeq ;July, 2019;Unicycler v0.4.8;March, 2020;5481240;143
ONE219;Kp243;Maria Cristina Tognim;Klebsiella pneumoniae;Brasil;South;Maringá (PR);-23.4273 -51.9375;2016;Human;Bronco-alveolar lavage;Homo sapiens ;ST11;Col(pHAD28)1, IncFII(pCRY)1, IncFII(pKP91)1, ColRNAI1, IncN1, IncFIB(K)1, Col440II1;blaKPC-2, blaCTX-M-15, blaOXA-1, blaSHV-11, blaLAP-2;-;-;tetA;-;aac(3')-IIa, aadA2, aph(3')-Ia;fosA;dfrA12;-;mphA;gyrA-83I, parC-80I, qnrS1, oqxA, oqxB;sul1;-;-;-;ybtS, ybtX, ybtQ, ybtP, ybtA, ybtU, ybtT, ybtE, irp1, irp2, fyuA, clbA;KL15;wzi50;-;NA;NA;NA;NA;oqxB, oqxA, qacEΔ1;-;-;R;R;R;R;R;R;R;R;R;R;R;R;R;R;R;R;S;S;R;R;R;R;S;NextSeq ;July, 2019;Unicycler v0.4.8;March, 2020;5462068;191
ONE220;524;Albalúcia;Klebsiella pneumoniae;Brasil;Northeast;João Pessoa (PB);-7.083333 -34.833333;2019;Human;Bronco-alveolar lavage;Homo sapiens ;ST273;IncC1, IncI1-I(Gamma)1, IncM11, Col440II1, IncQ11, ColpVC1;blaKPC-2, blaCTX-M-15, blaCTX-M-8, blaSHV-11;catA1;mgrB-81%;-;-;aac(6')-Ib-cr, aadA1, aphA-6;fosA;-;-;-;gyrA-83I, parC-80I, oqxA, oqxB;sul1;-;-;-;-;KL74;wzi174;-;NA;NA;NA;NA;oqxA, oqxB;-;-;R;R;R;R;R;R;R;R;R;R;R;R;R;R;S;R;R;S;R;R;R;S;R;NextSeq ;July, 2019;Unicycler v0.4.8;March, 2020;5508725;143
ONE221;KpAm07;Pitondo;Klebsiella pneumoniae;Brasil;North;Manaus (AM);-3.10719 -60.0261;2014;Human;Rectal swab;Homo sapiens ;ST462;IncFII(pKP91)1, IncX52, IncFIB(K)1;blaKPC-2, blaCTX-M-15, blaOXA-1, blaSHV-11, blaTEM-1D;-;-;-;-;aac(3')-IIa, strA, strB;fosA;dfrA14;-;-;qnrB1, oqxA, oqxB;-;-;-;-;-;KL149;wzi173;-;NA;NA;NA;NA;oqxA, oqxB;-;-;S;S;S;R;R;S;R;R;R;R;R;R;S;R;R;R;S;S;R;R;R;R;S;NextSeq ;July, 2019;Unicycler v0.4.8;March, 2020;5428376;130
ONE222;Kp242;Maria Cristina Tognim;Klebsiella pneumoniae;Brasil;South;Maringá (PR);-23.4273 -51.9375;2016;Human;Urine;Homo sapiens ;ST11;IncFII(pCRY)1, IncFII(pKP91)1, ColRNAI1, IncN1, IncFIB(K)1, Col440II1, Col440I1;blaKPC-2, blaCTX-M-15, blaOXA-1, blaSHV-11, blaLAP-2;-;-;tetA;-;aac(3')-IIa, aadA2, aph(3')-Ia;fosA;dfrA12;-;mphA;gyrA-83I, parC-80I, qnrS1, oqxA, oqxB;sul1;-;-;-;ybtS, ybtX, ybtQ, ybtP, ybtA, ybtU, ybtT, ybtE, irp1, irp2, fyuA, clbA;KL15;wzi50;-;NA;NA;NA;NA;oqxB, oqxA, qacEΔ1;-;-;R;R;R;R;R;R;R;R;R;R;R;R;S;R;R;R;S;S;R;R;R;R;S;NextSeq ;July, 2019;Unicycler v0.4.8;March, 2020;5477433;182
ONE223;KpAm09;Pitondo;Klebsiella pneumoniae;Brasil;North;Manaus (AM);-3.10719 -60.0261;2014;Human;Urine;Homo sapiens ;ST340;IncFII(pKP91)1, IncR1, IncFIB(K)1, IncFIA(HI1)1, Col(pHAD28)1, Col440I1;blaCTX-M-15, blaOXA-1, blaSHV-11, blaTEM-1D;-;-;tetD;-;aac(3')-IIa, aadA2, strA, strB;fosA;dfrA12;-;mphA;gyrA-83I, parC-80I, qnrB1, oqxA, oqxB;sul1, sul2;-;-;-;-;KL15;wzi50;-;NA;NA;NA;NA;oqxB, oqxA, qacEΔ1;-;-;S;S;S;R;R;S;R;R;R;R;S;S;S;R;R;R;R;S;R;R;R;R;S;NextSeq ;July, 2019;Unicycler v0.4.8;March, 2020;5407560;179
ONE224;URO329;Maria Cristina Tognim;Klebsiella pneumoniae;Brasil;South;Maringá (PR);-23.4273 -51.9375;2019;Human;Urine;Homo sapiens ;ST16;IncC1, IncFII1, Col440II1, Col(pHAD28)1;blaOXA-1, blaSHV-26;catB3;mgrB-4%;-;-;aadA5;fosA;dfrA17;-;erm42, mphA;gyrA-83F, gyrA-87N, parC-84K, oqxA, oqxB;sul1, sul2;-;-;-;-;KL51;wzi50;-;NA;NA;NA;NA;oqxA, oqxB;-;-;R;R;R;R;R;R;R;R;R;R;R;R;S;S;R;R;S;S;R;R;R;R;S;NextSeq ;July, 2019;Unicycler v0.4.8;March, 2020;5446206;174
ONE225;456;Sílvia;Klebsiella pneumoniae;Brasil;South;Porto Alegre (RS);-30.032778 -51.230000;2017;Human;Wound discharge;Homo sapiens ;ST11;IncFII(pKP91)1, IncFIB(pQil)1, ColRNAI1, IncFIB(K)1, IncN1;blaKPC-2, blaCTX-M-2, blaSHV-11, blaTEM-1D;catA1;-;-;-;aac(3')-IIa;fosA;dfrA30;-;-;gyrA-83I, gyrA-87Y, parC-80I, oqxA, oqxB;sul1;-;-;-;ybtS, ybtX, ybtQ, ybtP, ybtA, ybtU, ybtT, ybtE, irp1, irp2, fyuA, clbA, clbB, clbC, clbD, clbE, clbF, clbG, clbH, clbI, clbL, clbM, clbN, clbO, clbP, clbQ, iucA;KL64;wzi64;-;NA;NA;NA;NA;qacE, oqxB, oqxA;-;-;R;R;R;R;R;R;R;R;R;R;R;R;S;R;R;R;R;S;R;R;R;S;S;NextSeq ;July, 2019;Unicycler v0.4.8;March, 2020;5825780;189
ONE226;URO251;Maria Cristina Tognim;Klebsiella pneumoniae;Brasil;South;Maringá (PR);-23.4273 -51.9375;2019;Human;Urine;Homo sapiens ;ST11;IncFII(pCRY)1, ColRNAI1, IncN1, Col440II1;blaKPC-2, blaCTX-M-15, blaOXA-1, blaSHV-11, blaLAP-2;-;-;tetA;-;aac(3')-IIa, aadA2;fosA;dfrA12;-;mphA;gyrA-83I, parC-80I, qnrS1, oqxA, oqxB;sul1;-;-;-;ybtS, ybtX, ybtQ, ybtP, ybtA, ybtU, ybtT, ybtE, irp1, irp2, fyuA, clbA;KL15;wzi50;-;NA;NA;NA;NA;oqxB, oqxA, qacEΔ1;-;-;R;R;R;R;R;R;R;R;R;R;R;R;S;R;R;R;R;R;R;R;R;R;S;NextSeq ;July, 2019;Unicycler v0.4.8;March, 2020;5324394;173
ONE227;VIGI267;Maria Cristina Tognim;Klebsiella pneumoniae;Brasil;South;Maringá (PR);-23.4273 -51.9375;2019;Human;Rectal swab;Homo sapiens ;ST11;Col(pHAD28)1, IncFII(pCRY)1, IncFII(pKP91)1, ColRNAI1, IncN1, IncFIB(K)1, Col440II1;blaKPC-2, blaCTX-M-15, blaOXA-1, blaSHV-11, blaLAP-2;-;-;tetA;-;aac(3')-IIa, aadA2, aph(3')-Ia;fosA;dfrA12;-;mphA;gyrA-83I, parC-80I, qnrS1, oqxA, oqxB;sul1;-;-;-;ybtS, ybtX, ybtQ, ybtP, ybtA, ybtU, ybtT, ybtE, irp1, irp2, fyuA, clbA;KL15;wzi50;-;NA;NA;NA;NA;oqxB, oqxA, qacEΔ1;-;-;R;R;R;R;R;R;R;R;R;R;R;R;S;R;R;R;R;R;R;R;R;R;S;NextSeq ;July, 2019;Unicycler v0.4.8;March, 2020;5491786;204
ONE228;498;Albalúcia;Klebsiella pneumoniae;Brasil;Northeast;João Pessoa (PB);-7.083333 -34.833333;2019;Human;Blood;Homo sapiens ;ST395;Col(pHAD28)1, Col(pHAD28)1, IncQ11, IncR1, IncFII(pKP91)1, IncFIA(HI1)1, IncFIB(K)1;blaKPC-2, blaSHV-67, blaTEM-30;floR;-;tetD;-;aac(3')-IId, aadA16, aphA-6;fosA;dfrA27;-;-;gyrA-83I, parC-80I, qnrB6, oqxA, oqxB;sul1, sul2;arr3;-;-;ybtS, ybtX, ybtQ, ybtP;KL108;wzi105;-;NA;NA;NA;NA;oqxB, oqxA, qacE;-;-;R;R;R;R;R;R;R;R;R;R;R;R;R;R;R;R;R;S;R;R;R;R;S;NextSeq ;July, 2019;Unicycler v0.4.8;March, 2020;5560207;198
ONE229;KpAm17;Pitondo;Klebsiella pneumoniae;Brasil;North;Manaus (AM);-3.10719 -60.0261;2016;Human;Urine;Homo sapiens ;ST198;IncFIB(pKPHS1)1, IncFIB(K)1, IncR1, Col(pHAD28)1, IncFII(pKP91)1;blaCTX-M-15, blaOXA-1, blaSHV-77, blaTEM-1D;catA1;-;tetA;-;aac(3')-IIa, strA, strB;fosA;dfrA14;-;-;qnrB1, oqxA, oqxB;sul1;-;-;-;ybtS, ybtX, ybtQ, ybtP, ybtA, ybtU, ybtT, ybtE, irp1, irp2, fyuA, clbA;KL30;wzi85;-;NA;NA;NA;NA;oqxB, oqxA;-;-;S;S;S;R;R;R;R;R;R;R;S;R;S;R;R;R;R;S;R;R;R;R;S;NextSeq ;July, 2019;Unicycler v0.4.8;March, 2020;5612575;247
ONE230;VIGI229;Maria Cristina Tognim;Klebsiella pneumoniae;Brasil;South;Maringá (PR);-23.4273 -51.9375;2019;Human;Rectal swab;Homo sapiens ;ST15;IncFIB(K)1, IncC1, IncFIB(pQil)1, IncFII(pKP91)1, Col(pHAD28)1;blaNDM-1, blaCTX-M-15, blaOXA-1, blaOXA-9, blaSHV-28, blaTEM-54;cmlA5;-;tetA, tetC;-;aac(6')-Ib-cr, aadA12, strA, strB;fosA;dfrA15b;-;erm42;gyrA-83F, gyrA-87A, parC-80I, qnrB5, oqxA, oqxB;sul1, sul2;-;-;-;-;KL24;wzi24;-;NA;NA;NA;NA;oqxB, oqxA;-;-;R;R;R;R;R;R;R;R;R;R;R;R;R;S;R;R;R;R;R;R;R;R;S;NextSeq ;July, 2019;Unicycler v0.4.8;March, 2020;5625335;267
ONE231;207;Sílvia;Klebsiella pneumoniae;Brasil;South;Porto Alegre (RS);-30.032778 -51.230000;2017;Human;Urine;Homo sapiens ;ST11;IncFII(pKP91)1, IncFIB(pQil)1, ColRNAI1, IncN1, IncFIB(K)1;blaKPC-2, blaCTX-M-2, blaOXA-2, blaSHV-11, blaTEM-1D, opmK35, opmK36;catA1;-;-;-;aac(3')-IIa;fosA;dfrA30;-;-;gyrA-83I, gyrA-87Y, parC-80I, oqxA, oqxB;sul1;-;-;-;ybtS, ybtX, ybtQ, ybtP, ybtA, ybtU, ybtT, ybtE, irp1, irp2, fyuA, clbA, clbB, clbC, clbD, clbE, clbF, clbG, clbH, clbI, clbL, clbM, clbN, clbO, clbP, clbQ, iucA;KL64;wzi64;-;NA;NA;NA;NA;oqxA, oqxB, qacE;-;-;R;R;R;R;R;R;R;R;R;R;R;R;S;R;R;R;R;R;R;R;R;S;S;NextSeq ;July, 2019;Unicycler v0.4.8;March, 2020;5763196;243
ONE232;KpAm14;Pitondo;Klebsiella pneumoniae;Brasil;North;Manaus (AM);-3.10719 -60.0261;2016;Human;Urine;Homo sapiens ;ST198;IncFIB(pKPHS1)1, IncR1, IncFIB(K)1, IncFII(pKP91)1;blaCTX-M-15, blaOXA-1, blaSHV-77, blaTEM-1D;-;-;tetA;-;aac(3')-IIa, strA, strB;fosA;dfrA14;-;-;qnrB1, oqxA, oqxB;sul1;-;-;-;ybtS, ybtX, ybtQ, ybtP, ybtA, ybtU, ybtT, ybtE, irp1, irp2, fyuA, clbA;KL30;wzi85;-;NA;NA;NA;NA;oqxB, oqxA;-;-;S;S;S;R;R;S;R;R;S;S;S;S;R;R;R;S;S;S;R;R;R;R;S;NextSeq ;July, 2019;Unicycler v0.4.8;March, 2020;5585714;104
ONE233;KpAm21;Pitondo;Klebsiella pneumoniae;Brasil;North;Manaus (AM);-3.10719 -60.0261;2016;Human;Wound discharge;Homo sapiens ;ST198;IncFII(pKP91)1, IncR1, IncFIB(K)1, Col(pHAD28)1, IncFIB(pKPHS1)1;blaCTX-15, blaOXA-1, blaSHV-77, blaTEM-1D;catA1, catB4;pmrB-55%;tetA;-;aac(3')-IIa, strA, strB;fosA;dfrA14;-;-;gyrA-83I, parC-80I, qnrB1, oqxA, oqxB;sul2;-;-;-;ybtS, ybtX, ybtQ, ybtP, ybtA, ybtU, ybtT, ybtE, irp1, irp2, fyuA;KL30;wzi85;-;NA;NA;NA;NA;oqxA, oqxB;-;-;S;S;S;R;R;S;R;R;R;R;S;S;S;R;R;R;R;S;R;R;R;R;S;NextSeq ;July, 2019;Unicycler v0.4.8;March, 2020;5631383;142
ONE234;316;Albalúcia;Klebsiella pneumoniae;Brasil;Northeast;João Pessoa (PB);-7.083333 -34.833333;2018;Human;Blood;Homo sapiens ;ST437;IncFIB(pKPHS1)1, IncFII(pKP91)1, IncN1, IncFIB(pQil)1, IncFIB(K)1, Col(pHAD28)1, Col(pHAD28)1;blaKPC-2, blaOXA-1, blaSHV-11;-;-;-;-;aph(3')-Ia;fosA;dfrA30;-;mphA;gyrA-83I, parC-80I, oqxA, oqxB;sul1;-;-;-;-;KL36;wzi109;-;NA;NA;NA;NA;oqxB, oqxA;-;-;R;R;R;R;R;R;R;R;R;R;R;R;S;S;R;R;S;R;R;R;R;S;S;NextSeq ;July, 2019;Unicycler v0.4.8;March, 2020;5544063;186
ONE235;KpAm03;Pitondo;Klebsiella pneumoniae;Brasil;North;Manaus (AM);-3.10719 -60.0261;2014;Human;Urine;Homo sapiens ;ST277;IncX52, IncM11, IncY1, IncFIB(K)1, Col(Ye4449)1, Col(pHAD28)1;blaKPC-2, blaCTX-M-8, blaOXA-9, blaSHV-27, blaTEM-30;-;-;tetD;-;aac(6')-Ib, aadA1;fosA;dfrA26;-;-;-;sul2;-;-;-;-;KL46;wzi97;-;NA;NA;NA;NA;oqxB, oqxA;-;-;S;S;S;R;R;S;R;R;S;S;R;R;S;S;R;S;S;S;R;R;R;R;S;NextSeq ;July, 2019;Unicycler v0.4.8;March, 2020;5672492;206
ONE236;Kp177;Pitondo;Klebsiella pneumoniae;Brasil;South;Londrina (PR);-23.325983 -51.128847;2014;Human;Urine;Homo sapiens ;ST258;IncC1, IncFIB(K)1, IncFII(pKP91)1, IncN1, ColRNAI1;blaKPC-2, blaCTX-M-14, blaSHV-11, blaTEM-1D;catA1;-;tetG;-;aac(3')-IId, aadA2, aph(3')-Ia, rmtB, strA, strB;fosA;dfrA12;-;erm42, mphA;gyrA-83I, parC-80I, oqxA, oqxB;sul2;-;-;-;-;KL107;wzi154;-;NA;NA;NA;NA;qacEΔ1, oqxA, oqxB;-;-;R;R;R;R;R;R;R;R;R;R;R;R;R;R;R;R;R;R;R;R;R;R;S;NextSeq ;September, 2019;Unicycler v0.4.8;March, 2020;5780177;157
ONE237;Kp182;Pitondo;Klebsiella pneumoniae;Brasil;South;Londrina (PR);-23.325983 -51.128847;2014;Human;Blood;Homo sapiens ;ST258;IncC1, ColRNAI1, IncN1;blaKPC-2, blaCTX-M-14, blaSHV-11, blaTEM-1D;-;-;tetG;-;-;fosA;dfrA12;-;erm42;gyrA-83I, parC-80I, oqxA, oqxB;sul2;-;-;-;-;KL107;wzi154;-;NA;NA;NA;NA;oqxA, oqxB, qacEΔ1;-;-;R;R;R;R;R;R;R;R;R;R;R;R;R;R;R;R;R;S;R;R;R;R;S;NextSeq ;September, 2019;Unicycler v0.4.8;March, 2020;5569781;114
ONE238;L22Kpn;Eliana;Klebsiella pneumoniae;Brasil;South;Londrina (PR);-23.325983 -51.128847;2017;Human;Blood;Homo sapiens ;ST11;IncFII(pKP91)1, IncFII(pCRY)1, ColRNAI1, Col440I1, Col(pHAD28)1, Col440II1, IncFIB(K)1;blaKPC-2, blaCTX-M-15, blaOXA-1, blaSHV-11, blaLAP-2;catB4;mgrB-60%;tetA;-;aac(3')-IId, aadA2, rmtB, strA, strB;fosA;-;-;-;gyrA-83I, parC-80I, qnrS1, oqxA, oqxB;-;-;-;-;ybtS, ybtX, ybtQ, ybtP, ybtA, ybtU, ybtT, ybtE, irp1, irp2, fyuA;KL15;wzi50;-;NA;NA;NA;NA;oqxB, oqxA;-;-;R;R;R;R;R;R;R;R;R;R;R;R;S;R;S;R;R;R;R;R;R;R;R;NextSeq ;September, 2019;Unicycler v0.4.8;March, 2020;5477471;105
ONE239;796;Raquel - RJ;Klebsiella pneumoniae;Brasil;Southeast;Rio de Janeiro (RJ);-22.9035 -43.2096;2014;Environmental;Water;NA;ST16;IncFII(pKP91)1, IncFIB(K)1, Col440II1, Col(pHAD28)1, FII(pBK30683)1;blaKPC-2, blaCTX-M-15, blaSHV-26;-;mgrB-49%;tetA;-;aadA2;fosA;dfrA14;-;mphA;gyrA-83F, gyrA-87N, parC-84K, oqxA, oqxB;sul1;-;-;-;-;KL51;wzi50;-;NA;NA;NA;NA;oqxB, oqxA, qacEΔ1;-;-;R;R;R;R;R;R;R;R;R;R;R;R;S;S;R;R;S;R;R;R;R;S;R;NextSeq ;September, 2019;Unicycler v0.4.8;March, 2020;5470153;221
ONE240;C262;Raquel - RJ;Klebsiella pneumoniae;Brasil;Southeast;Rio de Janeiro (RJ);-22.9035 -43.2096;2013;Environmental;Water;NA;ST11;IncC1, IncFII(pKP91)1, IncFIB(K)1, IncR1, IncFIA(HI1)1, Col(pHAD28)1;blaNDM-1, blaCTX-M-15, blaSHV-11, blaTEM-30, blaCMY-6;-;-;tetA;-;aac(3')-IIa, aac(6')-Ib, aadA2, rmtC, strA, strB;fosA;-;-;mphA;gyrA-83I, parC-80I, qnrB1, oqxA, oqxB;sul1, sul2;-;-;-;-;KL74;wzi174;-;NA;NA;NA;NA;oqxA, oqxB, sugE, qacE;-;-;R;R;R;R;R;R;R;R;R;R;R;R;R;R;R;R;R;S;R;R;R;R;S;NextSeq ;September, 2019;Unicycler v0.4.8;March, 2020;5642880;187
ONE241;B14KP;Nilton/Louise;Klebsiella pneumoniae;Brasil;North;Belém (PA);-1.457778 -48.465556;2019;Environmental;Water;NA;ST307;IncFII(pKP91)1, IncFIB(K)1, Col(pHAD28)1;blaCTX-M-15, blaOXA-1, blaSHV-28, blaTEM-1D;-;-;tetA;-;strA, strB;fosA;dfrA14;-;-;gyrA-83I, parC-80I, qnrB1, oqxA, oqxB;sul1;-;-;-;-;KL102;wzi173;-;NA;NA;NA;NA;oqxA, oqxB;-;-;S;S;S;R;R;S;R;R;R;R;S;R;S;S;R;R;S;S;R;R;R;S;S;NextSeq ;September, 2019;Unicycler v0.4.8;March, 2020;5462877;149
ONE242;Kp175;Pitondo;Klebsiella pneumoniae;Brasil;South;Londrina (PR);-23.325983 -51.128847;2014;Human;Tracheal aspirate;Homo sapiens ;ST340;IncHI21, pKPC-CAV13211, IncHI2A1, IncFII(pKP91)1, IncX31, IncFIB(K)1, Col(pHAD28)1, IncU1;blaKPC-2, blaSHV-11;-;-;-;-;aac(6')-Ib, aadA2, aphA-3-Ia, sat-2A;fosA;dfrA12;-;mphA;gyrA-83I, parC-80I, oqxA, oqxB;sul1;-;-;-;-;KL15;wzi50;-;NA;NA;NA;NA;qacE, oqxB, oqxA;-;-;R;R;R;R;R;R;R;R;R;R;R;R;S;R;R;R;R;S;R;R;R;R;S;NextSeq ;September, 2019;Unicycler v0.4.8;March, 2020;5744578;258
ONE243;51,466;Ana Judith;Klebsiella pneumoniae;Brasil;North;Belém (PA);-1.457778 -48.465556;2019;Human;Urine;Homo sapiens ;ST340;IncFII(pKP91)1, IncM11, IncFIB(pNDM-Mar)1, IncN1, IncQ11, IncFIB(K)1, IncHI1B(pNDM-MAR)1, Col440I1, Col(pHAD28)1, Col440II1, Col440II1;blaKPC-2, blaBKC-1, blaCTX-M-8, blaOXA-9, blaSHV-11, blaTEM-54;-;-;-;-;aac(6')-Ib, aadA1, aadA2, aphA-6;fosA;dfrA12;-;mphA;gyrA-83I, parC-80I, oqxA, oqxB;sul1;-;-;-;-;KL15;wzi50;-;NA;NA;NA;NA;oqxB, oqxA, qacE;-;-;R;R;R;R;R;R;R;R;R;R;R;R;R;R;R;R;S;S;R;R;R;S;S;NextSeq ;September, 2019;Unicycler v0.4.8;March, 2020;5746185;203
ONE244;51,445;Ana Judith;Klebsiella pneumoniae;Brasil;North;Altamira (PA);-1.204167 -52.211944;2019;Human;Urine;Homo sapiens ;ST11;IncFII(K)1, IncFII(pCRY)1, IncFIB(K)1, Col440II1;blaCTX-M-15, blaOXA-1, blaSHV-11, blaLAP-2;-;-;tetA;-;aac(3')-IIa, aadA2;fosA;dfrA12;-;mphA;gyrA-83I, parC-80I, qnrS1, oqxA, oqxB;sul1;-;-;-;ybtS, ybtX, ybtQ, ybtP, ybtA, ybtU, ybtT, ybtE, irp1, irp2, fyuA;KL15;wzi50;-;NA;NA;NA;NA;oqxA, oqxB, qacEΔ1;-;-;S;S;S;R;R;S;R;R;R;R;S;R;S;R;R;R;S;S;R;R;R;R;S;NextSeq ;September, 2019;Unicycler v0.4.8;March, 2020;5528424;360
ONE245;51,443;Ana Judith;Klebsiella pneumoniae;Brasil;North;Belém (PA);-1.457778 -48.465556;2019;Human;Sputum;Homo sapiens ;ST11;IncFIB(pQil)1, IncFIB(K)1, IncQ11;blaKPC-2, blaCTX-M-15, blaOXA-9, blaOXA-1, blaSHV-11, blaTEM-1D;-;mgrB-62%;-;-;aac(3')-IIa, strA, strB, rmtG;fosA;dfrA14;-;-;gyrA-83I, parC-80I, qnrB1, oqxA, oqxB;-;-;-;-;ybtS, ybtX, ybtQ, ybtP, ybtA, ybtU, ybtT, ybtE, irp1, irp2, fyuA;KL105;wzi75;-;NA;NA;NA;NA;oqxA, oqxB;-;-;R;R;R;R;R;R;R;R;R;R;R;R;R;R;R;R;R;S;R;R;R;R;R;NextSeq ;September, 2019;Unicycler v0.4.8;March, 2020;5511296;275
ONE246;Pol14;Marcia Morais;Klebsiella pneumoniae;Brasil;Northeast;Recife (PE);-8.05428 -34.8813;2014;Human;Blood;Homo sapiens ;ST25;ColRNAI1, ColRNAI1, Col(MG828)1, IncHI1B(pNDM-MAR)1, IncI1-I(Gamma)1, IncFIB(K)1, IncX52;blaKPC-2, blaSHV-11;catA2, cmlA5;mgrB-0%;-;-;aac(3)-Iva, aac(6')-Iq,aadA, aph(4)-Ia, strA, strB;fosA;dfrA15b;-;-;gyrA-83Y, gyrA-87H, parC-80I, oqxA, oqxB;sul1, sul2;-;-;-;-;KL2;wzi72;-;NA;NA;NA;NA;oqxA, oqxB, qacEΔ1;-;-;R;R;R;R;R;S;R;R;R;R;R;R;R;R;R;R;R;S;R;R;R;S;R;NextSeq ;September, 2019;Unicycler v0.4.8;March, 2020;6016011;276
ONE247;PROVET;Nilton/Sellera;Klebsiella pneumoniae;Brasil;Southeast;São Paulo (SP);-23.5489 -46.6388;2019;Animal;Urine;Canis lupus familiaris;ST11;IncFII(pCRY)1, IncN1, Col440I1, IncX41, Col440II1, Col(pHAD28)1, Col(pHAD28)1, IncFIB(K)1, Col440I1;blaKPC-2, blaCTX-M-15, blaOXA-1, blaSHV-11, blaLAP-2;catB4;-;-;-;aac(3')-IIa, aadA2, aph(3')-Ia;fosA;dfrA12;-;mphA;gyrA-83I, parC-80I, qnrS1, oqxA, oqxB;sul1;-;-;-;ybtS, ybtX, ybtQ, ybtP, ybtA, ybtU, ybtT, ybtE, irp1, irp2, fyuA;KL15;wzi50;-;NA;NA;NA;NA;oqxB, oqxA, qacEΔ1;-;-;R;R;R;R;R;R;R;R;R;R;R;R;R;R;R;R;R;R;R;R;R;S;S;NextSeq ;February, 2020;Unicycler v0.4.8;March, 2020;5532447;108
ONE248;14A;Thais/Nilton;Klebsiella pneumoniae;Brasil;South;Florianópolis (SC);-27.5969 -48.5495;2019;Human;Blood;Homo sapiens ;ST437;IncM11, IncFII(pKP91)1, IncN1, IncC1, IncFIB(pQil)1, IncFIB(K)1, Col440II1;blaNDM-1, blaKPC-2, blaOXA-9, blaSHV-11, blaTEM-79;clmA5;-;tetA, tetC;-;aac(3')-IId, aac(6')-Ib, aadA1, aadA2, strA, strB;fosA;dfrA15b;-;-;gyrA-83I, parC-80I, oqxA, oqxB;sul2;-;-;-;-;KL36;wzi109;-;NA;NA;NA;NA;oqxA, oqxB;-;-;R;R;R;R;R;R;R;R;R;R;R;R;S;R;R;R;R;R;R;R;R;R;S;NextSeq ;February, 2020;Unicycler v0.4.8;March, 2020;5607024;88
ONE249;L3KP1;Nilton/ Sellera;Klebsiella pneumoniae;Brasil;Southeast;Santos (SP);-23.9618 -46.3322;2019;Animal;Ear swab;Canis lupus familiaris;ST15;IncFIB, IncFII ;blaCTX-M-15, blaOXA-1, blaSHV-28;catB3;-;tetA;-;aadA2, aph(3')-Ia;fosA;dfrA12;-;mphA;gyrA-83F, gyrA-87N, parC-80I, aac(6')Ib-cr, oqxA, oqxB;sul1;-;-;-;ybtS, ybtX, ybtQ, ybtP, ybtA, ybtU, ybtT, ybtE, irp1, irp2, fyuA, mrkA, mrkB, mrkC, mrkD, mrkF, mrkH, mrkI, mrkJ, kfuA, kfuB, kfuC, ;KL24;wzi24;-;NA;NA;NA;NA;arsR, arsD, arsA, arsB, arsC, pcoA, pcoB, pcoC, pcoD, pcoE, pcoR, pcoS, silA, silB, silC, silE, silF, silG, silP, silR, silS;JAAVWZ000000000.1.;-;S;S;S;R;R;S;R;R;R;R;R;R;S;S;R;R;S;S;R;R;R;R;S;NextSeq ;February, 2020;Unicycler v0.4.8;March, 2020;5642348;180
ONE250;ALF301;Nilton/Ralf;Klebsiella pneumoniae;Brasil;Southeast;Arujá (SP);-23.3965 -46.3214;2016;Food;Vegetable;Lactuca sativa;ST198;-;blaOXA-1, blaSHV-110;catA1, catB3;-;tetA;-;aac(3')-IIa, aac(6')-Ib-cr;fosA;dfrA14;-;-;oqxA, oqxB;-;-;-;-;ybtS, ybtX, ybtQ, ybtP, ybtA, ybtU, ybtT, ybtE, irp1, irp2, fyuA;KL30;wzi85;-;NA;NA;NA;NA;oqxA, oqxB;-;-;S;S;S;R;R;S;R;R;R;R;R;R;S;R;R;R;R;S;R;R;R;R;S;MiSeq ;January, 2017;Unicycler v0.4.8;March, 2020;5311340;20
ONE251;RUC232;Nilton/Ralf;Klebsiella pneumoniae;Brasil;Southeast;Ibiúna (SP);-23.6569 -47.2257;2016;Food;Vegetable;Eruca vesicaria ssp. sativa;ST2739;IncFII(pKP91)1, IncFIB(K)1, ColRNAI1;blaCTX-M-15, blaOXA-1, blaSHV-106, blaTEM-1B;catB3;-;tetA;-;aac(6')-Ib-cr, aph(6)-Id, aph(3'')-Ib;fosA;dfrA14;-;-;gyrA-83I, parC-80I, qnrB1, oqxA, oqxB;sul2;-;-;-;-;KL102;wzi173;-;NA;NA;NA;NA;oqxA, oqxB;-;-;S;S;S;R;R;S;R;R;R;R;R;R;S;S;S;R;S;S;R;R;R;R;S;MiSeq ;January, 2017;Unicycler v0.4.8;March, 2020;5757970;103
ONE252;KPC45;Doroti Garcia/Nilton;Klebsiella pneumoniae;Brasil;Southeast;Uberlandia (MG);-18.881786 -48.259878;2015;Human;Blood;Homo sapiens ;ST11;IncR1;blaKPC-2, blaCTX-M-15, blaSHV-182;-;-;-;-;-;fosA;-;-;-;gyrA-83I, parC-80I, oqxA, oqxB;sul2;-;-;-;ybtS, ybtX, ybtQ, ybtP, ybtA, ybtU, ybtT, ybtE, irp1, irp2, fyuA;KL105;wzi75;-;NA;NA;NA;NA;oqxB, oqxA;-;-;R;R;R;R;R;R;R;R;R;R;R;R;S;S;R;R;S;S;R;R;R;S;R;NextSeq ;October, 2016;Unicycler v0.4.8;March, 2020;6196584;47
ONE253;KPC40;Rosineide/Bruna Fuga;Klebsiella pneumoniae;Brasil;Southeast;Uberlandia (MG);-18.881786 -48.259878;2015;Human;Liquor;Homo sapiens ;ST11;IncR1, ColpVC1, Col(pHAD28)1;blaKPC-2, blaCTX-M-15, blaOXA-1, blaSHV-11;catB3;mgrB-87%;-;-;aph(3')-Ia;fosA;-;-;mphA;gyrA-83I, parC-80I, qnrB19, oqxA, oqxB;sul1;arr3;-;-;ybtS, ybtX, ybtQ, ybtP, ybtA, ybtU, ybtT, ybtE, irp1, irp2, fyuA;KL105;wzi75;-;NA;NA;NA;NA;oqxB, oqxA, qacE;-;-;R;R;R;R;R;R;R;R;R;R;R;R;R;S;R;R;S;R;R;R;R;S;R;NextSeq ;October, 2016;Unicycler v0.4.8;March, 2020;5363907;90
ONE254;JM2CRO;Miriam;Klebsiella pneumoniae;Brasil;Southeast;São Paulo (SP);-23.5489 -46.6388;2016;Food;Mollusk; Brown mussels ;ST307;IncFII(pKP91)1, IncFIB(K)1, ColRNAI1, ColRNAI1;blaCTX-M-15, blaOXA-1, blaSHV-28, blaTEM-1D;catB4;-;tetA;-;strA, strB;fosA;-;-;-;gyrA-83I, parC-80I, qnrB1, oqxA, oqxB;sul2;-;-;-;-;KL102;wzi173;-;NA;NA;NA;NA;oqxA, oqxB;-;-;S;S;S;R;R;S;R;R;R;R;R;R;S;S;R;R;R;R;R;R;R;R;S;NextSeq ;January, 2017;Unicycler v0.4.8;March, 2020;5517161;128
ONE255;KpPB76;Nilton/ Meire;Klebsiella pneumoniae;Brasil;Northeast;João Pessoa (PB);-7.02556 -37.2779;2015;Animal;Nasal discharge;Canis lupus familiaris;ST231;IncFIB(K)1, IncFII(pKP91)1;blaCTX-M-15, blaOXA-1, blaSHV-106, blaTEM-1B;-;-;tetA;-;aac(3')-IIa, aac(6')-Ib-cr, aadA2, aph(3'')-Ib, aph(3')-Ia, aph(6)-Id, ant(2'')-Ia, ant(3'')-Ia ;fosA;dfrA12, dfrA21;-;mphA;gyrA-83I, parC-80I, qnrB1, oqxA, oqxB;sul1, sul2;-;-;-;-;KL51;wzi104;-;NA;NA;NA;NA;qacEΔ1, oqxB, oqxA;-;-;S;S;S;R;R;S;R;R;R;R;R;R;R;R;R;R;R;S;R;R;R;R;S;NextSeq ;January, 2017;Unicycler v0.4.8;March, 2020;5367939;96
ONE256;KP10;Mara/ Nilton ;Klebsiella pneumoniae;Brasil;Southeast;São José do Rio Preto (SP);-20.8279 -49.3976;2011;Human;Urine;Homo sapiens ;ST340;IncFIA(HI1)1, IncHI1B(pNDM-MAR)1, IncFIB(pNDM-Mar)1, IncFII(pKP91)1, IncM11, IncFIB(K)1, IncR1;blaKPC-2, blaCTX-M-15, blaCTX-M-59, blaOXA-9, blaOXA-2, blaSHV-187, blaTEM-1D;-;mgrB-0%;tetD;-;aac(3')-IId, aadA1, aadA2;fosA;dfrA12, dfrA25;-;-;gyrA-83I, parC-80I, qnrB2, oqxA, oqxB;sul1;-;-;-;-;KL15;wzi50;-;NA;NA;NA;NA;oqxB, oqxA;-;-;R;R;R;R;R;S;R;R;R;R;R;R;S;S;S;R;S;S;S;S;R;S;R;NextSeq ;October, 2016;Unicycler v0.4.8;March, 2020;5865771;157
ONE257;KpBR1;Nilton;Klebsiella pneumoniae;Brasil;Southeast;São Paulo (SP);-23.557077 -46.669821;2003;Human;Blood;Homo sapiens ;ST442;Col(pHAD28)1, Col(pHAD28)1, Col440II1, ColRNAI1, IncFII(p14)1, IncX31, IncX11;blaIMP-1, blaCTX-M-9, blaSHV-110;-;-;-;-;aac(6')-31, aadA1, aphA-6;fosA;-;-;-;gyrA-83F, gyrA-87N, parC-80I, oqxA, oqxB;sul1;-;-;-;-;KL107;wzi154;-;NA;NA;NA;NA;oqxB, oqxA;-;-;R;R;R;R;R;S;R;R;R;R;R;R;S;R;R;R;S;R;R;R;R;R;S;NextSeq ;January, 2017;Unicycler v0.4.8;March, 2020;5405905;134
ONE258;KPHU468;Valéria-HU/Nilton;Klebsiella pneumoniae;Brasil;Southeast;São Paulo (SP);-23.563763 -46.741412;2015;Human;Urine;Homo sapiens ;ST29;IncFII(pKP91)1, IncFIB(K)1;blaCTX-M-15, blaOXA-1, blaSHV-83, blaTEM-1B;,;-;-;-;aac(3')-IIa, strA, strB;fosA;dfrA30;-;-;gyrA-87G, parC-80I, qnrB1, oqxA, oqxB;sul2;-;-;-;ybtS, ybtX, ybtQ, ybtP, ybtA, ybtU, ybtT, ybtE, irp1, irp2, fyuA, clbA;KL19;wzi19;-;NA;NA;NA;NA;oqxB, oqxA;-;-;S;S;S;R;R;S;R;R;R;R;R;R;S;R;R;R;S;S;R;R;R;R;S;NextSeq ;January, 2017;Unicycler v0.4.8;March, 2020;5241973;65
ONE259;1194/11;Doroti Garcia/Nilton;Klebsiella pneumoniae;Brasil;Southeast;São Paulo (SP);-23.560035 -46.647337;2011;Human;Catheter ;Homo sapiens ;ST340;IncFII(pCRY)1, IncX31, IncR1, ColRNAI1, IncFIA(HI1)1, IncHI1B(pNDM-MAR)1, IncU1;blaKPC-2, blaCTX-M-15, blaOXA-9, blaSHV-11;catA1;-;tetB;-;aac(3')-IId, aadA1, strA, strB, rmtG, sat-2A;fosA;dfrA14, dfrA15b;-;-;gyrA-83I, parC-80I, qnrB19, oqxA, oqxB;sul1, sul2;arr6;-;-;ybtS, ybtX, ybtQ, ybtP, ybtA, ybtU, ybtT, ybtE, irp1, irp2, fyuA;KL15;wzi50;-;NA;NA;NA;NA;oqxB, oqxA;-;-;R;R;R;R;R;R;R;R;R;R;R;R;R;R;R;R;R;R;R;R;R;R;S;MiSeq ;October, 2015;Unicycler v0.4.8;March, 2020;5652881;69
ONE260;KPN535;Doroti Garcia/Nilton;Klebsiella pneumoniae;Brasil;Northeast;Recife (PE);-8.0477 -34.8877;2011;Human;Rectal swab;Homo sapiens ;ST340;IncFII(pKP91)1, IncI1-I(Gamma)1, IncFIB(K)1, IncQ11, Col(pHAD28)1, ColRNAI1, IncR1, ColRNAI1, Col440II1, Col(pHAD28)1, Col(pHAD28)1, IncFIA(HI1)1;blaKPC-2, blaCTX-M-15, blaSHV-11;cmlA1;-;-;-;aac(3')-IId, aph(3')-IIa, aph(3')-Ia, aphA-6, aadA1, aadA2;fosA;dfrA12, dfrA14;-;-;gyrA-83I, parC-80I, qnrB19, oqxA, oqxB;sul1, sul2;-;-;-;ybtS, ybtX, ybtQ, ybtP, ybtA, ybtU, ybtT, ybtE, irp1, irp2, fyuA;KL15;wzi50;-;NA;NA;NA;NA;oqxA, oqxB, qacF, qacE;-;-;R;R;R;R;R;R;R;R;R;R;R;R;S;R;R;R;S;R;R;R;R;S;R;MiSeq ;October, 2015;Unicycler v0.4.8;March, 2020;5516222;123
ONE261;KP171;Doroti Garcia/Nilton;Klebsiella pneumoniae;Brasil;Southeast;São Paulo (SP);-23.454444 -46.910000;2011;Environmental;Water;NA;ST340;IncFIB(K)1, IncN1, IncFII(pKP91)1, IncFIA(HI1)1, Col(pHAD28)1, IncR1;blaKPC-2, blaCTX-M-15, blaSHV-11, blaTEM-1D;catA2;-;tetD;-;aac(3')-IId, aadA2;fosA;dfrA12, dfrA25;-;-;gyrA-83I, parC-80I, qnrB2, oqxA, oqxB;-;-;-;-;-;KL15;wzi50;-;NA;NA;NA;NA;oqxA, oqxB;-;-;R;R;R;R;R;R;R;R;R;R;R;R;S;R;R;R;R;R;R;R;R;R;S;MiSeq ;October, 2015;Unicycler v0.4.8;March, 2020;5517975;273
ONE262;606B;Nilton/Ketrin;Klebsiella pneumoniae;Brasil;Southeast;Belo Horizonte (MG);-19.8157 -43.9542;2012;Animal;Rectal swab;Sus scrofa domesticus;ST340;IncFIB(K)1, IncFII(pCRY)1, IncR1, IncFIA(HI1)1, Col(pHAD28)1;blaCTX-M-15, blaTEM-1D, blaLAP-2;catA2, florR;-;tetA, tetD;-;aac(3')-IId, aadA2, aph(3')-Ia, strA, strB;fosA;dfrA12, dfrA14;-;mphA;gyrA-83I, parC-80I, qnrS1, oqxA, oqxB;sul1, sul2;-;-;-;-;KL151;wzi143;-;NA;NA;NA;NA;qacEΔ1, oqxB, oqxA;-;-;S;S;S;R;R;S;R;R;R;R;R;R;S;R;R;R;R;R;R;R;R;R;S;MiSeq ;October, 2015;Unicycler v0.4.8;March, 2020;5504176;82
ONE263;KPHU421;Valéria-HU/Nilton;Klebsiella pneumoniae;Brasil;Southeast;São Paulo (SP);-23.563763 -46.741412;2012;Human;Blood;Homo sapiens ;ST29;Col(pHAD28)1, IncFIB(K)1, Col(pHAD28)1, IncFII(pKP91)1;blaCTX-M-15, blaOXA-1, blaSHV-187, blaTEM-1D;catB4;-;tetA;-;aac(3')-IIa, aph(6)-Id, aph(3'')-Ib, strA, strB;fosA;dfrA14;-;-;qnrB1, oqxA, oqxB;sul2;-;-;-;ybtS, ybtX, ybtQ, ybtP, ybtA, ybtU, ybtT, ybtE, irp1, irp2, fyuA;KL19;wzi19;-;NA;NA;NA;NA;oqxB, oqxA;-;-;S;R;R;R;R;S;R;R;R;R;R;R;S;R;R;R;S;S;R;R;R;S;S;NextSeq ;May, 2017;Unicycler v0.4.8;March, 2020;5303887;76
ONE264;KPHU585;Valéria-HU/Nilton;Klebsiella pneumoniae;Brasil;Southeast;São Paulo (SP);-23.563763 -46.741412;2015;Human;Blood;Homo sapiens ;ST29;IncFIB(K)1, IncFII(pKP91)1;blaCTX-M-15, blaOXA-1, blaSHV-187, blaTEM-1D;catB4;-;tetA;-;aac(3')-IIa, aph(6)-Id, aph(3'')-Ib, strA, strB;fosA;dfrA14;-;-;gyrA-83I, gyrA-87G, parC-80I, qnrB1, oqxB, oqxA;sul2;-;-;-;ybtS, ybtX, ybtQ, ybtP, ybtA, ybtU, ybtT, ybtE, irp1, irp2, fyuA;KL19;wzi19;-;NA;NA;NA;NA;oqxB, oqxA;-;-;S;S;S;R;R;S;R;R;R;R;R;R;S;R;R;R;R;S;R;R;R;S;S;NextSeq ;May, 2017;Unicycler v0.4.8;March, 2020;5286940;71
ONE265;TIET-4180;Nilton/Brenda/Fernanda;Klebsiella pneumoniae;Brasil;Southeast;São Paulo (SP);-23.521667 -46.631111;2016;Environmental;Water;NA;ST11;IncFIB(pQil)1, IncFIB(K)1, IncFII(pKP91)1, Col(pHAD28)1, ColRNAI1;blaKPC-2, blaCTX-M-2, blaOXA-2, blaSHV-11, blaTEM-1D;catA1;-;tetA;-;aac(3')-IIa;fosA;dfrA30;-;-;gyrA-83I, parC-80I, oqxA, oqxB;sul1;-;-;-;ybtS, ybtX, ybtQ, ybtP, ybtA, ybtU, ybtT, ybtE, irp1, irp2, fyuA, clbA, clbB, clbC, clbD, clbE, clbF, clbG, clbH, clbI, clbL, clbM, clbN, clbO, clbP, clbQ;KL64;wzi64;-;NA;NA;NA;NA;qacE, oqxA, oqxB;-;-;R;R;R;R;R;R;R;R;R;R;R;R;R;R;R;R;R;S;R;R;R;R;S;NextSeq ;April, 2018;Unicycler v0.4.8;January, 2020;5748141;129
ONE266;TIET-4170;Nilton/Brenda/Fernanda;Klebsiella pneumoniae;Brasil;Southeast;São Paulo (SP);-23.525278 -46.559167;2016;Environmental;Water;NA;ST258;IncX31, IncC1, IncFIB(K)1, IncFII(pKP91)1, IncU1;blaKPC-2, blaCTX-M-14, blaSHV-11, blaTEM-1D;catA1;-;tetG;-;aac(3')-IId, aadA2, aph(3')-Ia, rmtB, sat-2A,strA, strB;fosA;dfrA12;-;erm42, mphA;gyrA-83I, parC-80I, oqxA, oqxB;sul2;-;-;-;-;KL107;wzi154;-;NA;NA;NA;NA;oqxB, oqxA, qacEΔ1;-;-;R;R;R;R;R;R;R;R;R;R;R;R;R;R;R;R;R;S;R;R;R;R;S;NextSeq ;April, 2018;Unicycler v0.4.8;January, 2020;5693764;115
ONE267;AKP;Miriam;Klebsiella pneumoniae;Brasil;Southeast;Praia Grande (SP);-23.9991 -46.4133;2017;Environmental;Household;NA;ST307;IncFII(pKP91)1, ColRNAI1, IncFIB(K)1, ColRNAI1;blaCTX-M-15, blaOXA-1, blaSHV-106, blaTEM-30;catB4;-;tetA;-;strA, strB;fosA;dfrA14;-;-;gyrA-83I, parC-80I, qnrB1, oqxA, oqxB;sul1;-;-;-;-;KL102;wzi173;-;NA;NA;NA;NA;oqxB, oqxA;-;-;S;S;S;R;R;S;S;R;R;R;R;R;S;S;R;R;S;S;R;R;R;S;S;NextSeq ;May, 2017;Unicycler v0.4.8;March, 2020;5466930;95
ONE268;CKP;Miriam;Klebsiella pneumoniae;Brasil;Southeast;Praia Grande (SP);-23.9991 -46.4133;2017;Animal;Rectal swab;Canis lupus familiaris;ST307;Col(pHAD28)1, ColRNAI1, ColRNAI1, IncFIB(K)1, IncFII(pKP91)1;blaCTX-15, blaOXA-1, blaSHV-187;catB4;-;tetA;-;aac(3')-IIa, strA, strB;fosA;dfrA14;-;-;gyrA-83I, parC-80I, qnrB1, oqxA, oqxB;sul2;-;-;-;ybtS, ybtX, ybtQ, ybtP, ybtA, ybtU, ybtT, ybtE, irp1, irp2, fyuA;KL19;wzi19;-;NA;NA;NA;NA;oqxB, oqxA;-;-;S;S;S;R;R;S;R;R;R;R;R;R;S;S;R;R;S;S;R;R;R;S;S;NextSeq ;May, 2017;Unicycler v0.4.8;March, 2020;5343435;92
ONE269;PRETA;Nilton/Sartori;Klebsiella pneumoniae;Brasil;South;Blumenau (SC);-26.919444 -49.066111;2018;Animal;Urine;Canis lupus familiaris;ST307;Col(pHAD28)1, IncFII(pKP91)1, IncFIB(K)1;blaCTX-M-15, blaSHV-28, blaTEM-1D;-;-;tetA;-;strA, strB;fosA;dfrA14;-;-;gyrA-83I, parC-80I, oqxA, oqxB;sul1;-;-;-;-;KL102;wzi173;-;NA;NA;NA;NA;oqxB, oqxA;-;-;S;S;S;R;R;R;R;R;R;R;R;R;R;R;S;R;S;S;R;R;R;R;S;NextSeq ;April, 2018;Unicycler v0.4.8;March, 2020;5428791;115
ONE270;20H;Levy/Nilton/Fernanda;Klebsiella pneumoniae;Brasil;Southeast;Campinas (SP);-22.826907 -47.064108;2017;Human;Urine;Homo sapiens ;ST11;IncR1;blaNDM-1, blaCTX-M-15, blaSHV-11,blaTEM-1D;-;-;tetD;-;strA, strB;fosA;dfrA14;-;-;gyrA-83I, parC-80I, oqxA, oqxB;sul1;-;-;-;ybtS, ybtX, ybtQ, ybtP, ybtA, ybtU, ybtT, ybtE, irp1, irp2, fyuA, clbA;KL105;wzi75;-;NA;NA;NA;NA;oqxA, oqxB;-;-;R;R;R;R;R;S;R;R;R;R;R;R;S;S;R;R;S;S;R;R;R;R;S;NextSeq ;May, 2017;Unicycler v0.4.8;March, 2020;5433927;86
ONE271;PINH-4900;Nilton/Brenda/Fernanda;Klebsiella pneumoniae;Brasil;Southeast;São Paulo (SP);-23.531111 -46.748333;2016;Environmental;Water;NA;ST11;IncFIB(pQil)1, IncN1, IncFIB(K)1, IncFII(pKP91)1, ColRNAI1;blaKPC-2, blaOXA-2, blaSHV-11, blaTEM-1D;catA1;-;tetA;-;aac(3')-IIa;fosA;dfrA30;-;-;gyrA-83I, parC-80I, oqxA, oqxB;sul1;-;-;-;ybtS, ybtX, ybtQ, ybtP, ybtA, ybtU, ybtT, ybtE, irp1, irp2, fyuA, clbA, clbB, clbC, clbD, clbE, clbF, clbG, clbH, clbI, clbL, clbM, clbN, clbO, clbP, clbQ;KL64;wzi64;-;NA;NA;NA;NA;oqxB, oqxA;-;-;R;R;R;R;R;R;R;R;R;R;R;R;R;R;R;R;R;S;R;R;R;R;S;NextSeq ;April, 2018;Unicycler v0.4.8;January, 2020;5813875;132
ONE272;5R;Nilton/Sartori;Klebsiella pneumoniae;Brasil;South;Blumenau (SC);-26.919444 -49.066111;2017;Animal;Nasal discharge;Equus caballus;ST307;IncFII(pKP91)1, Col(pHAD28)1, IncFIB(K)1, IncN1;blaCTX-M-15, blaSHV-28, blaTEM-1D;catB4;-;tetA;-;aac(3')-IIa, strA, strB;fosA;dfrA14;-;-;gyrA-83I, parC-80I, qnrB1, qnrS1, oqxA, oqxB;sul2;-;-;-;-;KL102;wzi173;-;NA;NA;NA;NA;oqxA, oqxB;-;-;R;R;R;R;R;S;S;R;R;R;R;R;S;S;R;R;S;S;R;R;R;S;S;NextSeq ;May, 2017;Unicycler v0.4.8;March, 2020;5479095;120
ONE273;326/11;Doroti Garcia/Nilton;Klebsiella pneumoniae;Brasil;Southeast;Santo André (SP);-23.6666 -46.5322;2011;Human;Blood;Homo sapiens ;ST340;IncFIA(HI1)1, Col440I1, IncM11, IncFII(pKP91)1, Col(pHAD28)1, IncN1, IncR1;blaKPC-2, blaCTX-M-15, blaSHV-11, blaTEM-1D;catA2;-;tetD;-;aac(3')-IId;fosA;dfrA12, dfrA25;-;-;gyrA-83I, parC-80I, oqxA, oqxB;sul1;-;-;-;-;KL15;wzi50;-;NA;NA;NA;NA;qacE, oqxA, oqxB;-;-;R;R;R;R;R;S;R;R;R;R;R;R;S;R;R;R;R;S;R;R;R;R;S;NextSeq ;December, 2017;Unicycler v0.4.8;March, 2020;5447122;100
ONE274;337/10;Doroti Garcia/Nilton;Klebsiella pneumoniae;Brasil;Southeast;Ribeirão Preto (SP);-21.1767 -47.8208;2011;Human;Wound discharge;Homo sapiens ;ST258;IncFIB(K)1, IncFII(pKP91)1, Col(pHAD28)1, IncFIB(pQil)1, IncX31, IncFII(pKP91)1;blaKPC-2, blaOXA-9, blaSHV-12, blaTEM-122;catA1;-;-;-;aac(6')-Ib, aadA2;fosA;dfrA12;-;mphA;gyrA-83I, parC-80I, oqxA, oqxB;sul1;-;-;-;-;KL106;wzi29;-;NA;NA;NA;NA;oqxB, oqxA, qacEΔ1;-;-;R;R;R;R;R;R;R;R;R;R;R;R;S;S;S;R;R;S;R;R;R;R;S;NextSeq ;December, 2017;Unicycler v0.4.8;March, 2020;5580581;383
ONE275;411/10;Doroti Garcia/Nilton;Klebsiella pneumoniae;Brasil;Southeast;São Paulo (SP);-23.484640 -46.728575;2010;Human;Rectal swab;Homo sapiens ;ST437;Col(pHAD28)1, IncFIB(pQil)1, Col(pHAD28)1, Col440II1, Col(pHAD28)1, IncFIB(K)1, Col(pHAD28)1, Col(pHAD28)1, IncFII(pKP91)1, Col440II1, IncN1;blaKPC-2, blaCTX-M-15, blaOXA-1, blaSHV-11;catB4;-;tetA;-;aadA-3, aph(3')-Ia;fosA;dfrA30;-;mphA;gyrA-83I, parC-80I, oqxA, oqxB;sul1;-;-;-;-;KL36;wzi109;-;NA;NA;NA;NA;oqxA, oqxB;-;-;R;R;R;R;R;R;R;R;R;R;R;R;S;S;R;R;R;S;R;R;R;R;S;NextSeq ;December, 2017;Unicycler v0.4.8;March, 2020;5535698;360
ONE276;417/11;Doroti Garcia/Nilton;Klebsiella pneumoniae;Brasil;Southeast;Ribeirão Preto (SP);-21.1767 -47.8208;2011;Human;Unknown;Homo sapiens ;ST258;IncFIB(K)1, IncM11, Col(pHAD28)1, Col(pHAD28)1, Col(pHAD28)1, IncX31, IncFII(pKP91)1, Col(pHAD28)1, IncFIB(pQil)1;blaKPC-2, blaCTX-M-8, blaOXA-9, blaSHV-11, blaTEM-54;-;mgrB-0%;-;-;aac(6')-Ib, aadA2;fosA;-;-;mphA;gyrA-83I, parC-80I, oqxA, oqxB;sul1;-;-;-;-;KL106;wzi29;-;NA;NA;NA;NA;qacEΔ1, oqxB, oqxA;-;-;R;R;R;R;R;S;R;R;R;R;R;R;S;R;R;R;R;S;R;R;R;S;R;NextSeq ;December, 2017;Unicycler v0.4.8;March, 2020;5559732;299
ONE277;515/1;Doroti Garcia/Nilton;Klebsiella pneumoniae;Brasil;Southeast;Ribeirão Preto (SP);-21.1767 -47.8208;2011;Human;Urine;Homo sapiens ;ST340;IncFIB(K)1, Col(pHAD28)1, Col(pHAD28)1, Col(pHAD28)1, IncFII(pKP91)1, IncN1;blaKPC-2, blaSHV-182;-;-;-;-;aadA2;fosA;dfrA12;-;-;gyrA-83I, parC-80I, oqxA, oqxB;sul2;-;-;-;-;KL15;wzi50;-;NA;NA;NA;NA;oqxB, oqxA, qacEΔ1;-;-;R;R;R;R;R;R;R;R;R;R;R;R;S;S;R;R;R;R;R;R;R;R;S;NextSeq ;December, 2017;Unicycler v0.4.8;March, 2020;5395145;373
ONE278;870/11;Doroti Garcia/Nilton;Klebsiella pneumoniae;Brasil;Southeast;São Bernardo do Campo (SP);-23.6944 -46.5654;2011;Human;Blood;Homo sapiens ;ST437;IncFIB(K)1, IncFIA(HI1)1, Col(pHAD28)1, Col440I1, Col(pHAD28)1, Col440I1, IncFII(pKP91)1, IncR1, IncN1;blaKPC-2, blaCTX-M-15, blaSHV-11;catA2;-;tetA, tetD;-;aac(3')-IId, aadA2;fosA;dfrA12, dfrA25;-;-;gyrA-83I, parC-80I, oqxA, oqxB;sul1;-;-;-;-;KL107;Unknown;-;NA;NA;NA;NA;oqxA;-;-;R;R;R;R;R;R;R;R;R;R;R;R;S;S;R;R;R;R;R;R;R;R;S;NextSeq ;December, 2017;Unicycler v0.4.8;March, 2020;5490052;96
ONE279;C4;Nilton/Juan;Klebsiella pneumoniae;Brasil;Northeast;João Pessoa (PB);-7.083333 -34.833333;2016;Animal;Urine;Felis catus;ST340;IncFII(pKP91)1, Col(pHAD28)1, IncR1, IncFIB(K)1;blaCTX-M-15, blaSHV-11, blaTEM-1D;catA2;-;tetD;-;aac(3')-IId, aadA2, aph(3')-Ia, strA, strB;fosA;dfrA12;-;mphA;gyrA-83I, parC-80I, qnrB19, oqxA, oqxB;sul1, sul2;-;-;-;-;KL15;wzi50;-;NA;NA;NA;NA;oqxB, oqxA, qacEΔ1;-;-;R;R;R;R;R;S;R;R;R;R;R;R;S;R;R;R;R;S;R;R;R;S;S;NextSeq ;May, 2017;Unicycler v0.4.8;March, 2020;5389543;96
ONE280;TIET- 4900;Nilton/Brenda/Fernanda;Klebsiella pneumoniae;Brasil;Southeast;São Paulo (SP);-23.454444 -46.910000;2017;Environmental;Water;NA;ST437;IncFIB(pQil)1, IncFII(pKP91)1, IncFIB(K)1, IncN1;blaKPC-2, blaCTX-M-15, blaOXA-1, blaSHV-11, blaTEM-1D;catB4;-;tetA, tetD;-;aph(3')-Ia;fosA;dfrA30;-;mphA;gyrA-83I, parC-80I, oqxA, oqxB;sul1;-;-;-;-;KL36;wzi109;-;NA;NA;NA;NA;oqxB, oqxA, qacE;-;-;R;R;R;R;R;R;R;R;R;R;R;R;R;R;R;R;R;S;R;R;R;R;S;NextSeq ;April, 2018;Unicycler v0.4.8;January, 2020;5377054;188
ONE281;FA64;Terezinha/Nilton;Klebsiella pneumoniae;Brasil;Southeast;Belo Horizonte (MG);-19.8157 -43.9542;-;Animal;Rectal swab;Gallus gallus domesticus;ST340;IncFIB(K)1, IncR1, Col(pHAD28)1, ColRNAI1, Col(pHAD28)1, Col(pHAD28)1, IncFIA(HI1)1;blaCTX-M-15, blaSHV-11, blaTEM-1D;-;-;tetD;-;aac(3')-IId, aadA2;fosA;dfrA12,dfrA14;-;-;gyrA-83I, parC-80I, qnrB19, oqxA, oqxB;sul1;-;-;-;-;KL151;wzi143;-;NA;NA;NA;NA;qacEΔ1, oqxA, oqxB;-;-;R;R;R;R;R;S;R;R;R;R;R;R;S;S;R;R;S;S;R;R;R;S;S;NextSeq ;December, 2017;Unicycler v0.4.8;March, 2020;5333421;274
ONE282;KP179;Terezinha/Nilton;Klebsiella pneumoniae;Brasil;South;Curitiba (PR);-25.4284 -49.2733;2017;Animal;Rectal swab;Gallus gallus domesticus;ST307;IncR1, IncFIB(K)1, ColRNAI1, Col(pHAD28)1, IncFIA(HI1)1;blaCTX-M-15, blaSHV-28, blaTEM-1D;-;-;tetA;-;strA, strB;fosA;-;-;-;gyrA-83I, parC-80I, qnrB1, oqxA, oqxB;sul2;-;-;-;-;KL102;wzi173;-;NA;NA;NA;NA;oqxA, oqxB, qacEΔ1;-;-;R;R;R;R;R;S;R;R;R;R;R;R;S;R;R;R;S;S;R;R;R;S;S;NextSeq ;April, 2018;Unicycler v0.4.8;March, 2020;5327385;73
ONE283;IBL2.4;Doroti Garcia/Nilton;Klebsiella pneumoniae;Brasil;Southeast;São Paulo (SP);-23.5874 -46.6590;2013;Environmental;Water;NA;ST11;IncN1, IncFII(pKP91)1, Col(pHAD28)1, IncFIB(pQil)1, IncFIB(K)1, ColRNAI1;blaKPC-2, blaSHV-182;-;-;tetA;-;-;fosA;dfrA30;-;-;gyrA-83I, gyrA-87G, parC-80I, oqxA, oqxB;-;-;-;-;ybtS, ybtX, ybtQ, ybtA, ybtU, ybtT, ybtE, irp1, irp2, fyuA, clbA, clbB, clbC, clbD, clbE, clbF, clbG, clbH, clbI, clbL, clbM;KL64;wzi64;-;NA;NA;NA;NA;oqxA, oqxB;-;-;R;R;R;R;R;R;R;R;R;R;R;R;S;S;S;R;S;S;R;R;R;R;S;NextSeq ;October, 2016;Unicycler v0.4.8;March, 2020;5765879;503
ONE284;148;Doroti Garcia/Nilton;Klebsiella pneumoniae;Brasil;Southeast;São Paulo (SP);-23.530767 -46.748376;2011;Environmental;Water;NA;ST437;IncFII(pKP91)1, IncFIB(pQil)1, IncFIB(K)1, Col(pHAD28)1, Col440II1, Col(pHAD28)1, Col(pHAD28)1, IncN1;blaKPC-2, blaCTX-M-15, blaOXA-1, blaSHV-11;catA1, catB4;mgrB-0%;tetA;-;aph(3')-Ia;fosA;dfrA30;-;-;gyrA-83I, parC-80I, oqxA, oqxB;sul1;-;-;-;-;KL36;wzi109;-;NA;NA;NA;NA;oqxB, oqxA;-;-;R;R;R;R;R;R;R;R;R;R;R;R;S;S;R;R;R;R;R;R;R;R;R;NextSeq ;January, 2017;Unicycler v0.4.8;March, 2020;5529153;105
ONE285;314/11;Doroti Garcia/Nilton;Klebsiella pneumoniae;Brasil;Southeast;São Paulo (SP);-23.583261 -46.611801;2011;Human;Blood;Homo sapiens ;ST437;Col(pHAD28)1, Col440II1, Col(pHAD28)1, Col(pHAD28)1, IncFII(pKP91)1, IncFIB(pQil)1, IncFIB(K)1, IncN1;blaKPC-2, blaCTX-M-15, blaOXA-1, blaSHV-11;catB3;-;tetA;-;aac(6')-Ib-cr, aph(3')-Ia, aadA12, ant(3'')-Ia;fosA;dfrA30;-;mphA;gyrA-83I, parC-80I, oqxA, oqxB;sul1;-;-;-;-;KL36;wzi109;-;NA;NA;NA;NA;oqxB, oqxA;-;-;R;R;R;R;R;R;R;R;R;R;R;R;S;S;R;R;S;S;R;R;R;R;S;NextSeq ;January, 2017;Unicycler v0.4.8;March, 2020;8057441;373
ONE286;488/11;Doroti Garcia/Nilton;Klebsiella pneumoniae;Brasil;Southeast;São Paulo (SP);-23.5489 -46.6388;2011;Human;Rectal swab;Homo sapiens ;ST11;IncFIB(K)1, IncN1, ColRNAI1, IncFIB(pQil)1, IncFII(pKP91)1;blaOXA-2, blaSHV-182, blaTEM-1B;catA;-;-;-;aac(3')-IIa, ant(3'')-Ia ;fosA;dfrA30;-;-;gyrA-83I, parC-80I, oqxA, oqxB;sul1;-;-;-;ybtS, ybtX, ybtQ, ybtA, ybtU, ybtT, ybtE, irp1, irp2, fyuA, clbA, clbB, clbC, clbD, clbE, clbF, clbG, clbH, clbI, clbL, clbM;KL64;wzi64;-;NA;NA;NA;NA;oqxA, oqxB;-;-;R;R;R;R;R;R;R;R;R;R;R;R;S;R;R;R;R;R;R;R;R;S;R;NextSeq ;October, 2016;Unicycler v0.4.8;March, 2020;5848686;349
ONE287;B04;Rosineide/Bruna Fuga;Klebsiella pneumoniae;Brasil;Southeast;Uberlandia (MG);-18.881786 -48.259878;2009;Human;Blood;Homo sapiens ;ST11;IncQ11, IncHI1B(pNDM-MAR)1, Col(pHAD28)1, Col(pHAD28)1, IncFII(pKP91)1, IncR1, IncFIB(pNDM-Mar)1, Col(pHAD28)1;blaKPC-2, blaCTX-M-2, blaSHV-11;catA1;-;-;-;aac(6')-Iq, aadA1, aphA-6;fosA;dfrA15b;-;-;gyrA-83I, parC-80I, oqxA, oqxB;sul1, sul2;-;-;-;ybtS, ybtX, ybtQ, ybtP, ybtA, ybtU, ybtT, ybtE, irp1, irp2, fyuA;KL64;wzi64;-;NA;NA;NA;NA;oqxA, oqxB, qacE;-;-;R;R;R;R;R;R;R;R;R;R;R;R;S;S;R;R;R;R;R;R;R;S;S;NextSeq ;October, 2016;Unicycler v0.4.8;March, 2020;5772983;118
ONE288;B11;Rosineide/Bruna Fuga;Klebsiella pneumoniae;Brasil;Southeast;Uberlandia (MG);-18.881786 -48.259878;2016;Human;Blood;Homo sapiens ;ST11;IncFIB(K)1, IncR1, IncX31, IncFIA(HI1)1;blaKPC-2, blaCTX-M-15, blaOXA-1, blaSHV-11, blaTEM-1D;catB4;-;tetD;-;aac(3')-IIa, strA, strB;fosA;dfrA14;-;-;gyrA-83I, parC-80I, oqxA, oqxB;sul2;-;-;-;ybtS, ybtX, ybtQ, ybtP, ybtA, ybtU, ybtT, ybtE, irp1, irp2, fyuA;KL105;wzi75;-;NA;NA;NA;NA;oqxB, oqxA;-;-;R;R;R;R;R;R;R;R;R;R;R;R;S;R;R;R;S;R;R;R;R;R;S;NextSeq ;October, 2016;Unicycler v0.4.8;March, 2020;5616934;98
ONE289;B15;Rosineide/Bruna Fuga;Klebsiella pneumoniae;Brasil;Southeast;Uberlandia (MG);-18.881786 -48.259878;2016;Human;Urine;Homo sapiens ;ST11;FII(pBK30683)1, IncN1, Col440I1, Col440I1, Col(pHAD28)1, IncFII(pCRY)1, IncFIB(K)1, IncI1-I(Gamma)1, IncFII(pKP91)1;blaKPC-2, blaCTX-M-15, blaCTX-M-8, blaOXA-1, blaSHV-11, blaLAP-2;-;-;-;-;aac(3')-IIa, aadA2, aph(3')-Ia;fosA;dfrA12;-;mphA;gyrA-83I, parC-80I, qnrS1, oqxA, oqxB;sul1;-;-;-;ybtS, ybtX, ybtQ, ybtP, ybtA, ybtU, ybtT, ybtE, irp1, irp2, fyuA;KL15;wzi50;-;NA;NA;NA;NA;oqxA, oqxB, qacEΔ1;-;-;R;R;R;R;R;R;R;R;R;R;R;R;R;R;R;R;S;S;R;R;R;S;S;NextSeq ;October, 2016;Unicycler v0.4.8;March, 2020;5657128;145
ONE290;B35;Rosineide/Bruna Fuga;Klebsiella pneumoniae;Brasil;Southeast;Uberlandia (MG);-18.881786 -48.259878;2016;Human;Blood;Homo sapiens ;ST11;IncFII(pKP91)1, ColRNAI1, IncN1, IncFIB(K)1, IncFIB(pQil)1;blaKPC-2, blaSHV-11;catB4;mgrB-60%;tetA;-;-;fosA;dfrA30;-;-;gyrA-83I, parC-80I, oqxA, oqxB;-;-;-;-;ybtS, ybtX, ybtQ, ybtA, ybtU, ybtT, ybtE, irp1, irp2, fyuA, clbA, clbB, clbC, clbD, clbE, clbF, clbG, clbH, clbI, clbL, clbM;KL64;wzi64;-;NA;NA;NA;NA;oqxA, oqxB;-;-;R;R;R;R;R;R;R;R;R;R;R;R;S;S;S;R;R;S;R;R;R;R;R;NextSeq ;October, 2016;Unicycler v0.4.8;March, 2020;5806461;96
ONE291;B29;Rosineide/Bruna Fuga;Klebsiella pneumoniae;Brasil;Southeast;Uberlandia (MG);-18.881786 -48.259878;2010;Human;Urine;Homo sapiens ;ST340;IncQ11, IncR1, IncI1-I(Gamma)1, ColRNAI1, Col(pHAD28)1, IncFII(pKP91)1, IncFIB(K)1;blaKPC-2, blaCTX-M-15, blaSHV-11;cmlA1;-;-;-;aac(3')-IId, aadA1, aadA2, aph(3')-Ia, aphA-6, strA, strB;fosA;dfrA12;-;-;gyrA-83I, parC-80I, qnrB19, oqxA, oqxB;sul1, sul2, sul3;-;-;-;-;KL15;wzi50;-;NA;NA;NA;NA;qacF, oqxA, oqxB;-;-;R;R;R;R;R;R;R;R;R;R;R;R;S;R;R;R;R;R;R;R;R;S;S;NextSeq ;October, 2016;Unicycler v0.4.8;March, 2020;5479915;98
ONE292;B03;Rosineide/Bruna Fuga;Klebsiella pneumoniae;Brasil;Southeast;Uberlandia (MG);-18.881786 -48.259878;2013;Human;Blood;Homo sapiens ;ST437;IncFII(pKP91)1, IncFIB(pQil)1, Col(pHAD28)1, Col440II1, Col440I1, Col(pHAD28)1, IncFIB(K)1, IncN1;blaKPC-2, blaCTX-M-15, blaOXA-1, blaSHV-11, blaTEM-1D;catB4;-;tetA, tetD;-;aadA-3, aph(3')-Ia;fosA;dfrA30;-;mphA;gyrA-83I, parC-80I, qnrB1, oqxA, oqxB;sul1;-;-;-;-;KL36;wzi109;-;NA;NA;NA;NA;oqxA, oqxB, qacE;-;-;R;R;R;R;R;R;R;R;R;R;R;R;R;R;R;R;R;R;R;R;R;R;S;NextSeq ;October, 2016;Unicycler v0.4.8;March, 2020;5472741;95
ONE293;B16;Rosineide/Bruna Fuga;Klebsiella pneumoniae;Brasil;Southeast;Uberlandia (MG);-18.881786 -48.259878;2009;Human;Peritoneal fluid;Homo sapiens ;ST437;Col(pHAD28)1, Col440II1, IncN1, IncFII(pKP91)1, Col(pHAD28)1, IncFIB(pQil)1, Col(pHAD28)1, IncFIB(K)1;blaKPC-2, blaCTX-M-15, blaOXA-1, blaSHV-11, blaTEM-1D;catB4;-;tetA, tetD;-;aadA-3, aph(3')-Ia;fosA;dfrA30;-;mphA;gyrA-83I, parC-80I, qnrB1, oqxA, oqxB;sul1;-;-;-;-;KL36;wzi109;-;NA;NA;NA;NA;oqxA, oqxB;-;-;R;R;R;R;R;R;R;R;R;R;R;R;R;R;R;R;R;R;R;R;R;R;S;NextSeq ;October, 2016;Unicycler v0.4.8;March, 2020;5523675;96
ONE294;B30;Rosineide/Bruna Fuga;Klebsiella pneumoniae;Brasil;Southeast;Uberlandia (MG);-18.881786 -48.259878;2016;Human;Blood;Homo sapiens ;ST437;Col(pHAD28)1, IncFII(pKP91)1, Col(pHAD28)1, IncFIB(pKPHS1)1, IncX52, Col440I1, Col(pHAD28)1, Col(pHAD28)1, IncFIB(pQil)1, IncFIB(K)1, IncQ11, IncN1, Col(pHAD28)1;blaKPC-2, blaCTX-M-15, blaOXA-1, blaSHV-11, blaTEM-1D;catA1, catB4;-;tetA, tetD;-;aac(3')-IId, aacA3, aph(3')-Ia, rmtG;fosA;dfrA30;-;mphA;gyrA-83I, parC-80I, oqxA, oqxB;sul1;-;-;-;-;KL36;wzi109;-;NA;NA;NA;NA;oqxA, oqxB, qacE;-;-;R;R;R;R;R;R;R;R;R;R;R;R;R;R;R;R;R;R;R;R;R;R;S;NextSeq ;October, 2016;Unicycler v0.4.8;March, 2020;5645042;112
ONE295;B17;Rosineide;Klebsiella pneumoniae;Brasil;Midwest;Goiânia (GO);-16.4048 -49.1518;2010;Human;Blood;Homo sapiens;ST443;IncM11, IncFIA(HI1)1, IncFII(pKP91)1, IncFIB(K)1;blaKPC-2, blaOXA-9, blaSHV-26, blaTEM-1D;-;-;-;-;aac(6')-Ib, aadA1;fosA;-;-;-;oqxA, oqxB;-;-;-;-;-;KL146;wzi118;-;NA;NA;NA;NA;oqxB, oqxA;-;-;R;R;R;R;R;R;R;R;S;S;R;R;S;S;S;S;S;S;R;R;R;S;S;NextSeq ;October, 2016;Unicycler v0.4.8;March, 2020;5429673;93
ONE296;12H;Levy/Nilton/Fernanda;Klebsiella pneumoniae;Brasil;Southeast;Campinas (SP);-22.826907 -47.064108;2016;Human;Blood;Homo sapiens;ST258;IncN31, IncFII(pKP91)1, IncX31, IncC1, IncFIB(K)1, pKPC-CAV11931, IncU1;blaKPC-2, blaCTX-M-14, blaSHV-11, blaTEM-1D;catA1;-;tetG;-;aac(3')-IId, aadA2, aph(3')-Ia, rmtB, sat-2A, strA, strB ;fosA;dfrA12;-;erm42, mphA;gyrA-83I, parC-80I, oqxA, oqxB;sul2;-;-;-;-;KL107;wzi154;-;NA;NA;NA;NA;oqxA, oqxB, qacEΔ1;-;-;R;R;R;R;R;R;R;R;R;R;R;R;R;R;R;R;R;S;R;R;R;R;S;NextSeq ;April, 2018;Unicycler v0.4.8;March, 2020;5790024;166
ONE297;35H;Levy/Nilton/Fernanda;Klebsiella pneumoniae;Brasil;Southeast;Campinas (SP);-22.826907 -47.064108;2012;Human;Blood;Homo sapiens;ST11;ColRNAI1, IncN1, Col(pHAD28)1, IncFIB(K)1, IncFIB(pQil)1, IncFII(pKP91)1;blaKPC-2, blaCTX-M-2, blaOXA-2, blaSHV-11;-;mgrB-68%;tetA;-;-;fosA;dfrA30;-;-;gyrA-83I, parC-80I, oqxA, oqxB;sul1;-;-;-;ybtS, ybtX, ybtQ, ybtA, ybtU, ybtT, ybtE, irp1, irp2, fyuA, clbA, clbB, clbC, clbD, clbE, clbF, clbG, clbH, clbI, clbL, clbM;KL64;wzi64;-;NA;NA;NA;NA;qacE, oqxB, oqxA;-;-;R;R;R;R;R;S;R;R;R;R;R;R;S;S;R;R;S;R;R;R;R;R;S;NextSeq ;April, 2018;Unicycler v0.4.8;March, 2020;5838519;165
ONE298;37H;Levy/Nilton/Fernanda;Klebsiella pneumoniae;Brasil;Southeast;Campinas (SP);-22.826907 -47.064108;2013;Human;Blood;Homo sapiens;ST11;IncFIB(pQil)1, IncN1, IncFII(pKP91)1, IncFIB(K)1, ColRNAI1;blaKPC-2, blaSHV-11;-;-;tetA;-;-;fosA;dfrA30;-;-;gyrA-83I, parC-80I, oqxA, oqxB;-;-;-;-;ybtS, ybtX, ybtQ, ybtA, ybtU, ybtT, ybtE, irp1, irp2, fyuA, clbA, clbB, clbC, clbD, clbE, clbF, clbG, clbH, clbI, clbL, clbM;KL64;wzi64;-;NA;NA;NA;NA;oqxA, oqxB;-;-;R;R;R;R;R;S;R;R;R;R;R;R;S;S;R;R;S;S;R;R;R;R;S;NextSeq ;April, 2018;Unicycler v0.4.8;March, 2020;5775752;191
ONE299;55H;Levy/Nilton/Fernanda;Klebsiella pneumoniae;Brasil;Southeast;Campinas (SP);-22.826907 -47.064108;2015;Human;Blood;Homo sapiens;ST11;IncFII(pKP91)1, ColRNAI1, IncFIB(K)1, IncFIB(pQil)1, Col(pHAD28)1, IncN1;blaKPC-2, blaCTX-M-2, blaOXA-2, blaSHV-11;-;mgrB-68%;tetA;-;-;fosA;dfrA30;-;-;gyrA-83I, parC-80I, oqxA, oqxB;sul1;-;-;-;ybtS, ybtX, ybtQ, ybtA, ybtU, ybtT, ybtE, irp1, irp2, fyuA, clbA, clbB, clbC, clbD, clbE, clbF, clbG, clbH, clbI, clbL, clbM;KL64;wzi64;-;NA;NA;NA;NA;oqxB, oqxA;-;-;R;R;R;R;R;S;R;R;R;R;R;R;S;S;R;R;S;S;R;R;R;R;S;NextSeq ;April, 2018;Unicycler v0.4.8;March, 2020;5827973;185
ONE300;Kp183;Noronha/Nilton;Klebsiella pneumoniae;Brasil;Southeast;Cotia (SP);-23.6041 -46.9243;2017;Human;Blood;Homo sapiens;ST1639;Col(pHAD28)1, IncFII(pKP91)1, IncFIB(pQil)1;blaNDM-1, blaCTX-M-15, blaOXA-9, blaSHV-11;-;-;-;-;aac(6')-Ib, aadA1, aphA-6;fosA;-;-;-;qnrS1, oqxA, oqxB;-;-;-;-;-;KL111;wzi113;-;NA;NA;NA;NA;oqxB, oqxA;-;-;R;R;R;R;R;R;R;R;R;R;R;R;S;S;S;R;S;S;R;R;R;S;S;NextSeq ;December, 2017;Unicycler v0.4.8;March, 2020;5328322;83
ONE301;Kp_BL_III_03_1;Nilton/Marco Vianello;Klebsiella pneumoniae;Brasil;North;Manaus (AM);-3.10719 -60.0261;2011;Human;Rectal swab;Homo sapiens;ST198;IncFII(pKP91)1, IncFIB(pKPHS1)1, IncFIB(K)1;blaCTX-M-15, blaOXA-1, blaSHV-77, blaTEM-1D;catA1, catB4;-;tetA;-;aac(3')-IIa, strA, strB;fosA;dfrA14;-;-;qnrB1, oqxA, oqxB;sul2;-;-;-;ybtS, ybtX, ybtQ, ybtP, ybtA, ybtU, ybtT, ybtE, irp1, irp2, fyuA;KL30;wzi85;-;NA;NA;NA;NA;oqxB, oqxA;-;-;S;S;S;R;R;S;R;R;R;R;S;S;S;R;R;R;R;S;R;R;R;R;S;MiSeq ;February, 2017;Unicycler v0.4.8;March, 2020;5556666;119
